ccode,idacr,country,base_year,leader,age,regime,autocoup_date,autocoup_attempt,autocoup_success,GDP_pc,GDP_trend,pop_log,polity5,violence
2,USA,United States of America,1949,Truman,65,presidential,NA,0,0,16.948,0.9605313867289338,9.68685426340218,9,0
2,USA,United States of America,1957,Eisenhower,67,presidential,NA,0,0,19.669,1.0233610822060355,9.820605384073307,9,0
2,USA,United States of America,1962,Kennedy,45,presidential,NA,0,0,21.62,1.0691009069061348,9.906492981706004,9,0
2,USA,United States of America,1966,Johnson,58,presidential,NA,0,0,25.415,1.130198512931801,9.957277624877872,9,4
2,USA,United States of America,1971,Nixon,58,presidential,NA,0,0,27.914,1.0502118181749778,10.011040617799408,8,3
2,USA,United States of America,1975,Ford,62,presidential,NA,0,0,29.517,1.0305567387524528,10.049302961740892,10,0
2,USA,United States of America,1979,Carter,55,presidential,NA,0,0,33.311,1.0826508060322413,10.092054731430899,10,0
2,USA,United States of America,1985,Reagan,74,presidential,NA,0,0,36.75,1.0849028753616343,10.149024176964282,10,0
2,USA,United States of America,1991,G.H.W. Bush,67,presidential,NA,0,0,40.38,1.01776424567488,10.207470318843066,10,0
2,USA,United States of America,1997,Clinton,51,presidential,NA,0,0,45.641,1.0747656949088682,10.283909105647504,10,0
2,USA,United States of America,2005,G.W. Bush,59,presidential,NA,0,0,53.486,1.0525839335616167,10.367983479698268,10,3
2,USA,United States of America,2013,Obama,52,presidential,NA,0,0,54.494,1.0229081571359924,10.431561308357644,10,1
40,CUB,Cuba,1946,Grau San Martin,64,presidential,NA,0,0,3.283,1.0690328883099967,6.2907095109242155,3,0
40,CUB,Cuba,1950,Prio Socarres,47,presidential,NA,0,0,3.479,1.041180343568564,6.400695887385026,3,0
40,CUB,Cuba,1954,Batista,53,personal,1954,1,1,3.551,1.00966733011089,6.499796063171542,-88,0
40,CUB,Cuba,1983,Castro,56,dominant-party,NA,0,0,5.967,1.1380454684162342,6.961401253645781,-7,0
40,CUB,Cuba,2013,Raul Castro,82,dominant-party,NA,0,0,7.829,1.0906937865700752,7.097895357985263,-7,0
41,HAI,Haiti,1948,Estime,48,presidential,NA,0,0,2.271,0.9891976653018556,5.775793010632473,4,0
41,HAI,Haiti,1950,Magloire,43,presidential,1950,1,0,2.242,0.9842830801650715,5.800264694625766,-5,0
41,HAI,Haiti,1961,"Duvalier, Francois",54,personal,1961,1,1,1.795,0.8607461398292894,5.979607023718777,-7,0
41,HAI,Haiti,1978,"Duvalier, Jean-Claude",27,personal,NA,0,0,2.015,1.0893069521029302,6.323204174006,-9,0
41,HAI,Haiti,1987,Namphy,55,military,NA,0,0,1.842,0.9504643962848298,6.521723612382407,-77,0
41,HAI,Haiti,1989,Avril,51,military,NA,0,0,1.783,0.949920085242408,6.555971212323262,-77,0
41,HAI,Haiti,1990,Pascal-Troillet,47,military,NA,0,0,1.809,0.9798505037374065,6.58301910457902,-77,0
41,HAI,Haiti,1993,Cedras,44,military,NA,0,0,1.585,0.8900494159928122,6.640165987806229,-7,0
41,HAI,Haiti,1995,Aristide,42,presidential,NA,0,0,1.543,0.9219646271510515,6.6853814313700175,6,0
41,HAI,Haiti,1998,Preval,55,presidential,NA,0,0,1.65,1.0521617140670831,6.7537295913430295,7,0
41,HAI,Haiti,2002,Aristide,49,personal,NA,0,0,1.645,0.9883441480413363,6.829774277863628,-2,0
41,HAI,Haiti,2005,Boniface Alexandre,69,presidential,NA,0,0,1.569,0.9558913122943828,6.879450450187152,-88,1
41,HAI,Haiti,2008,Preval,65,presidential,NA,0,0,1.608,1.011066398390342,6.9284339929904935,5,0
41,HAI,Haiti,2013,Martelly,52,presidential,NA,0,0,1.644,1.0177045932895876,6.989831916816659,-77,0
41,HAI,Haiti,2016,Jocelerme Privert,63,presidential,NA,0,0,1.689,1.0240087304474355,7.035093407879641,-88,0
42,DOM,Dominican Republic,1952,Rafel Trujillo,61,personal,1952,1,1,2.145,1.0414643620120412,5.597080318660593,-9,0
42,DOM,Dominican Republic,1962,Filiberto Bonnelly,58,military,NA,0,0,2.625,1.095118898623279,5.931780888696593,-88,0
42,DOM,Dominican Republic,1964,Cabral,41,military,NA,0,0,2.715,1.0771244941680551,5.9977348476213415,-77,0
42,DOM,Dominican Republic,1966,Godoy,45,personal,NA,0,0,2.61,0.9978589998470713,6.052185634859664,-3,0
42,DOM,Dominican Republic,1972,Balaguer,65,personal,NA,0,0,3.602,1.243612760668416,6.231343280817914,-3,0
42,DOM,Dominican Republic,1980,Guzman Fernandez,69,presidential,NA,0,0,4.724,1.0676671337522037,6.426085463645232,5,0
42,DOM,Dominican Republic,1984,Blanco,58,presidential,NA,0,0,4.964,1.0302602631688182,6.513277587530082,5,0
42,DOM,Dominican Republic,1991,Balaguer,84,presidential,NA,0,0,5.221,1.0109204972311505,6.648922371925955,5,0
42,DOM,Dominican Republic,1998,Fernandez Reyna,45,presidential,NA,0,0,7.337,1.16823769186676,6.776147748832565,8,0
42,DOM,Dominican Republic,2002,Hipolito Mejia,61,presidential,2002,1,0,8.27,1.0902235815228853,6.833756685461739,8,0
42,DOM,Dominican Republic,2008,Fernandez Reyna,55,presidential,NA,0,0,10.421,1.1533778997697892,6.913018404406988,8,0
42,DOM,Dominican Republic,2015,Medina,64,presidential,2015,1,1,13.393,1.1377189554698517,6.996554307170805,8,0
70,MEX,Mexico,1949,Aleman Valdes,46,dominant-party,NA,0,0,3.568,1.1237795275590552,7.985329137063639,-6,0
70,MEX,Mexico,1955,Ruiz Cortines,65,dominant-party,NA,0,0,4.644,1.0950764006791172,8.190996460495892,-6,0
70,MEX,Mexico,1961,Lopez Mateos,51,dominant-party,NA,0,0,5.526,1.0822137793270925,8.361904063803145,-6,0
70,MEX,Mexico,1967,Diaz Ordaz,56,dominant-party,NA,0,0,7.136,1.1369574915556688,8.541684417876125,-6,0
70,MEX,Mexico,1973,Echeverria Alvarez,51,dominant-party,NA,0,0,8.845,1.11848760748609,8.719884698208542,-6,0
70,MEX,Mexico,1979,Lopez Portillo,59,dominant-party,NA,0,0,11.146,1.1445882111316494,8.878161366236418,-3,0
70,MEX,Mexico,1985,de La Madrid,51,dominant-party,NA,0,0,11.476,0.9585219584718441,9.01369682332868,-3,0
70,MEX,Mexico,1991,Salinas,43,dominant-party,NA,0,0,11.635,1.0533224696722796,9.130388310194183,0,0
70,MEX,Mexico,1997,Zedillo,46,dominant-party,NA,0,0,12.58,1.0534248869536091,9.22876391151293,6,1
70,MEX,Mexico,2003,Vicente Fox Quesada,61,presidential,NA,0,0,13.713,1.0199027176580837,9.3071635883813,8,0
70,MEX,Mexico,2009,Calderon,47,presidential,NA,0,0,14.425,0.9951432868358239,9.385035000891364,8,4
70,MEX,Mexico,2015,Enrique Pena Nieto,49,presidential,NA,0,0,16.113,1.0513506459611117,9.46653417671452,8,4
90,GUA,Guatemala,1948,Arevalo,44,presidential,NA,0,0,2.813,0.9968814232050465,5.660276325458144,5,0
90,GUA,Guatemala,1952,Arbenz Guzman,39,presidential,NA,0,0,2.671,0.9611370996761425,5.837514680449742,2,0
90,GUA,Guatemala,1956,Castillo Armas,42,personal,NA,0,0,2.714,1.0157185628742513,5.967870892941537,-6,0
90,GUA,Guatemala,1960,Ydigoras Fuente,65,personal,NA,0,0,2.828,1.0293368275460435,6.088160130433881,-5,0
90,GUA,Guatemala,1964,Peralta Azurdia,56,military,NA,0,0,3.065,1.0649016746577722,6.210863094641322,-5,0
90,GUA,Guatemala,1968,Mendez Montenegro,53,military,NA,0,0,3.443,1.0992975734355044,6.301966748438897,3,5
90,GUA,Guatemala,1972,Arana Osorio,54,military,NA,0,0,3.933,1.1100135470760892,6.4019768964376595,1,5
90,GUA,Guatemala,1976,Laugerud Garcia,46,military,NA,0,0,4.4,1.0899722552516844,6.492286803614399,-3,5
90,GUA,Guatemala,1980,Lucas Garcia,56,military,NA,0,0,4.864,1.0675094372750418,6.593912650371165,-5,5
90,GUA,Guatemala,1982,Rios Montt,56,military,NA,0,0,4.605,0.9678436317780581,6.640393346952338,-7,5
90,GUA,Guatemala,1984,Mejia Victores,54,military,NA,0,0,4.351,0.9244858065612782,6.695484899898706,-6,5
90,GUA,Guatemala,1988,Cerezo,46,military,NA,0,0,4.203,0.9782608695652174,6.8081791127832565,3,5
90,GUA,Guatemala,1992,Serrano Elias,47,military,NA,0,0,4.524,1.0572563683103529,6.918480557010915,3,5
90,GUA,Guatemala,1994,Leon Carpio,52,presidential,NA,0,0,4.702,1.0609205776173287,6.970393871397629,3,5
90,GUA,Guatemala,1998,Arzu Yrigoyen,52,presidential,NA,0,0,5.105,1.0649171846969003,7.071858552743454,8,0
90,GUA,Guatemala,2002,Alfonso Portillo Cabrera,51,presidential,NA,0,0,5.411,1.0442720395244711,7.16362929651906,8,0
90,GUA,Guatemala,2006,Berger Perdomo,60,presidential,NA,0,0,5.761,1.0533148060116284,7.255882192384859,8,0
90,GUA,Guatemala,2010,Colom Caballeros,59,presidential,NA,0,0,6.165,1.0501839738348324,7.3436616477473,8,0
90,GUA,Guatemala,2013,Perez Molina,63,presidential,NA,0,0,6.455,1.0465983526817562,7.406176282589367,8,0
90,GUA,Guatemala,2018,Jimmy Morales Cabrera,49,presidential,NA,0,0,7.045,1.0494875461804314,7.488259938770342,8,0
91,HON,Honduras,1951,Galvez,64,dominant-party,NA,0,0,2.319,1.0613272311212814,5.0650982265362225,-3,0
91,HON,Honduras,1955,Lozano Diaz,70,personal,NA,0,0,2.236,0.9681330100450295,5.170586262535926,-3,0
91,HON,Honduras,1957,Hector Caraccioli,35,presidential,NA,0,0,2.299,1.0047198671444804,5.2403174222500475,-1,1
91,HON,Honduras,1960,Villeda Morales,51,presidential,NA,0,0,2.299,1.0057747834456208,5.3421189177772845,-1,0
91,HON,Honduras,1967,Lopez Arellano,46,dominant-party,NA,0,0,2.571,1.061256501279617,5.57816256073155,-1,0
91,HON,Honduras,1972,Cruz,69,presidential,NA,0,0,2.647,1.021849907350216,5.72666532052494,-1,1
91,HON,Honduras,1974,Lopez Arellano,53,military,NA,0,0,2.77,1.0540334855403348,5.7541238160802735,-1,1
91,HON,Honduras,1976,Castro,38,military,NA,0,0,3.016,1.1111111111111112,5.808472765763723,-1,1
91,HON,Honduras,1980,Paz Garcia,49,military,NA,0,0,3.325,1.0538159229208925,5.936902759115299,-88,1
91,HON,Honduras,1984,Suazo Cordova,56,presidential,NA,0,0,3.057,0.9469086854169247,6.065927099247933,6,2
91,HON,Honduras,1988,Azcona Hoyo,61,presidential,NA,0,0,3.237,1.04264639567094,6.196185438532858,5,1
91,HON,Honduras,1992,Callejas,49,presidential,NA,0,0,3.303,1.0202001482579688,6.3082077251553414,6,0
91,HON,Honduras,1996,Reina,70,presidential,NA,0,0,3.406,1.0235605241014545,6.422548667833766,6,0
91,HON,Honduras,2000,Flores Facusse,50,presidential,NA,0,0,3.433,1.0073356807511737,6.53384697577819,7,0
91,HON,Honduras,2004,Ricardo Maduro,58,presidential,NA,0,0,3.687,1.0607019562715765,6.632519429951689,7,0
91,HON,Honduras,2009,Zelaya,57,presidential,2009,1,0,4.051,1.0335238289621391,6.744149877134028,7,0
91,HON,Honduras,2012,Lobo,65,presidential,NA,0,0,4.231,1.0346261065192937,6.8053858411433,7,0
91,HON,Honduras,2015,Hernández,47,presidential,2015,1,1,4.495,1.0621957559430977,6.860632224412953,7,0
92,SAL,El Salvador,1947,Castaneda Castro,59,military,NA,0,0,1.675,1.1057565355162398,5.242286552023077,-8,0
92,SAL,El Salvador,1949,Osorio,39,military,NA,0,0,1.64,1.024359775140537,5.25830754212834,-88,0
92,SAL,El Salvador,1950,Oscar Bolanos,38,military,NA,0,0,1.435,0.8818829891838742,5.2580629192757025,-6,0
92,SAL,El Salvador,1953,Osorio,43,dominant-party,NA,0,0,1.412,0.930784442979565,5.340897814083155,-6,0
92,SAL,El Salvador,1958,Lemus,47,dominant-party,NA,0,0,1.492,1.0203802489399536,5.488028221773845,-6,0
92,SAL,El Salvador,1961,Portillo,47,military,NA,0,0,1.482,0.9943639291465378,5.606636277068944,-3,0
92,SAL,El Salvador,1964,Rivera,42,dominant-party,NA,0,0,1.665,1.0995905428609167,5.7023514512304185,-3,0
92,SAL,El Salvador,1969,Sanchez Hernandez,52,dominant-party,NA,0,0,1.882,1.052572706935123,5.856904053712287,-3,2
92,SAL,El Salvador,1974,Molina,47,dominant-party,NA,0,0,2.099,1.0747567844342039,5.992863568021689,-3,0
92,SAL,El Salvador,1978,Romero Mena,54,dominant-party,NA,0,0,2.374,1.0862999908483573,6.088981381367647,-6,0
92,SAL,El Salvador,1980,Majano Ramos,42,military,NA,0,0,2.103,0.9202695606511465,6.116944551620768,-77,6
92,SAL,El Salvador,1981,Duarte,56,military,NA,0,0,1.953,0.8593681246149784,6.121132235230019,-77,6
92,SAL,El Salvador,1983,Magana Borjo,58,military,NA,0,0,1.847,0.8732034795763993,6.14287791247751,-77,6
92,SAL,El Salvador,1986,Duarte,61,military,NA,0,0,1.914,1.0153846153846153,6.191675136737676,6,6
92,SAL,El Salvador,1991,Cristiani,44,presidential,NA,0,0,2.22,1.1142340895402532,6.268548785371548,6,6
92,SAL,El Salvador,1996,Calderon Sol,48,presidential,NA,0,0,2.931,1.164481525625745,6.344739467511934,7,0
92,SAL,El Salvador,2001,Flores,42,presidential,NA,0,0,3.42,1.0903526111075688,6.398117283040289,7,0
92,SAL,El Salvador,2006,Saca González,41,presidential,NA,0,0,4.141,1.132163167104112,6.430427291995855,7,0
92,SAL,El Salvador,2011,Funes,52,presidential,NA,0,0,4.886,1.107685332124235,6.473441521414241,8,0
92,SAL,El Salvador,2016,Sanchez Ceren,72,presidential,NA,0,0,5.384,1.0576356421639885,6.505549353962078,8,0
93,NIC,Nicaragua,1955,Anastasio Somoza Garcia,59,personal,1955,1,1,4.016,1.1301851747621996,5.049881647946452,-8,0
93,NIC,Nicaragua,1952,Anastasio Somoza Garcia,56,personal,NA,0,0,3.623,1.2648373132244102,4.9528931805249945,-8,0
93,NIC,Nicaragua,1963,Luis Somoza Debayle,41,personal,1963,1,1,4.766,1.1423229950625569,5.304552885230427,-8,0
93,NIC,Nicaragua,1964,Shick Gutierrez,55,personal,NA,0,0,5.101,1.1841860897019223,5.3417838612932,-8,0
93,NIC,Nicaragua,1971,Anastasio Somoza Debayle,46,personal,1971,1,1,5.774,1.019600918241215,5.553478829935551,-8,0
93,NIC,Nicaragua,1984,Daniel Ortega,39,dominant-party,NA,0,0,4.31,0.9567147613762486,5.9385093462027,-1,4
93,NIC,Nicaragua,1993,Violeta Chamorro,64,presidential,NA,0,0,2.776,0.9234863606121091,6.157853602996216,6,0
93,NIC,Nicaragua,1999,Aleman,53,presidential,NA,0,0,3.268,1.099818267483341,6.276994931338069,8,0
93,NIC,Nicaragua,2004,Enrique Bolanos,76,presidential,NA,0,0,3.539,1.05252200808946,6.350094828128566,8,0
93,NIC,Nicaragua,2009,Daniel Ortega,64,presidential,2009,1,1,3.893,1.0452690366233486,6.408937274340423,9,0
94,COS,Costa Rica,1946,Picado Michalski,46,presidential,NA,0,0,3.122,1.0560140711676362,4.339471368071721,5,0
94,COS,Costa Rica,1949,Figueres Ferrer,43,presidential,NA,0,0,3.489,1.1115713011341912,4.464976650490018,9,0
94,COS,Costa Rica,1951,Otilia Ulate,59,presidential,NA,0,0,3.599,1.063660007093037,4.588451199381217,9,0
94,COS,Costa Rica,1956,Figueres Ferrer,50,presidential,NA,0,0,4.357,1.0792667822640576,4.789057183506752,10,0
94,COS,Costa Rica,1960,Echandi Jimenez,45,presidential,NA,0,0,4.776,1.0637918745545258,4.938788353626398,10,0
94,COS,Costa Rica,1964,Orlich,57,presidential,NA,0,0,5.122,1.0635382059800664,5.0797197169478085,10,0
94,COS,Costa Rica,1968,Trejos,52,presidential,NA,0,0,5.916,1.108820332121303,5.204407705559233,10,0
94,COS,Costa Rica,1972,Figueres Ferrer,66,presidential,NA,0,0,6.819,1.1120714961349032,5.31615237307295,10,0
94,COS,Costa Rica,1976,"Quiros, Daniel",55,presidential,NA,0,0,7.7,1.0937810733259468,5.416700222276388,10,0
94,COS,Costa Rica,1980,Carazo Odio,54,presidential,NA,0,0,8.237,1.032205513784461,5.529563999045374,10,0
94,COS,Costa Rica,1984,Monge Alverez,59,presidential,NA,0,0,7.544,0.956607745175116,5.631534310448576,10,0
94,COS,Costa Rica,1988,Arias,47,presidential,NA,0,0,7.951,1.0396725770176265,5.739857218793191,10,0
94,COS,Costa Rica,1992,Calderon Fournier,43,presidential,NA,0,0,8.883,1.0909291872374915,5.845461418988125,10,0
94,COS,Costa Rica,1996,Figueres Olsen,42,presidential,NA,0,0,9.623,1.0532133788634972,5.94683845116015,10,0
94,COS,Costa Rica,2000,Rodriguez Echeverria,60,presidential,NA,0,0,10.57,1.0622048035373328,6.03818352022225,10,0
94,COS,Costa Rica,2004,de la Espriella,71,presidential,NA,0,0,11.329,1.053860465116279,6.104042951024281,10,0
94,COS,Costa Rica,2008,Arias,67,presidential,NA,0,0,13.084,1.1078746824724808,6.1617303916212025,10,0
94,COS,Costa Rica,2012,Laura Chinchilla Miranda,53,presidential,NA,0,0,14.352,1.0782383964659745,6.215105974461345,10,0
94,COS,Costa Rica,2016,Solis Rivera,58,presidential,NA,0,0,16.171,1.1013716916622396,6.263211578500567,10,0
95,PAN,Panama,1947,Jimenez,59,personal,NA,0,0,2.881,0.9498219701964921,4.459473668807391,-3,0
95,PAN,Panama,1949,Diaz Arosomena,76,personal,NA,0,0,2.657,0.8955173576002696,4.502882721445945,-1,0
95,PAN,Panama,1950,"Arias, A.",49,personal,NA,0,0,2.529,0.8778202013189865,4.53370640717954,-1,0
95,PAN,Panama,1952,"Arosomena, A.",69,dominant-party,NA,0,0,2.47,0.9308109737714804,4.592064682809611,-1,0
95,PAN,Panama,1953,Remon Cantero,45,dominant-party,NA,0,0,2.517,0.9788442093801042,4.619704055765128,-1,0
95,PAN,Panama,1955,Arias Espinosa,43,dominant-party,NA,0,0,2.672,1.0650510204081634,4.667628419827702,4,0
95,PAN,Panama,1958,"Guardia Jr., E.",54,dominant-party,NA,0,0,2.931,1.0960287188691946,4.74252924374694,4,0
95,PAN,Panama,1962,"Chiari, Roberto",57,presidential,NA,0,0,3.503,1.15169647553919,4.8553450763533315,4,0
95,PAN,Panama,1966,Robles,61,presidential,NA,0,0,4.223,1.1494909902553214,4.969584106646641,4,0
95,PAN,Panama,1978,Torrijos Herrera,49,military,1978,1,1,6.121,1.0364387551220835,5.29849735034998,-6,0
95,PAN,Panama,1982,Dario Paredes,51,military,NA,0,0,7.301,1.1289973402610256,5.397212023522251,-5,0
95,PAN,Panama,1986,Noriega,46,military,NA,0,0,7.506,1.0295731372764183,5.482861451695088,-6,0
95,PAN,Panama,1992,Endara,56,presidential,NA,0,0,8.258,1.1236597180645511,5.600859725969252,8,0
95,PAN,Panama,1997,Balladares,51,presidential,NA,0,0,9.364,1.0811185258734155,5.700212777528601,9,0
95,PAN,Panama,2002,Mireya Moscoso,56,presidential,NA,0,0,10.437,1.0506553383398094,5.794783382872428,9,0
95,PAN,Panama,2007,Martin Torrijos,44,presidential,NA,0,0,13.671,1.179673477840674,5.881970500168548,9,0
95,PAN,Panama,2011,Martinelli,59,presidential,NA,0,0,16.979,1.1798182222469287,5.951418293289756,9,0
95,PAN,Panama,2016,Varela Rodriguez,53,presidential,NA,0,0,22.916,1.1751071728919247,6.042048339858762,9,0
100,COL,Colombia,1946,Lleras Camargo,40,dominant-party,NA,0,0,3.326,1.0481532837514183,7.041828899574502,5,0
100,COL,Colombia,1948,Ospina Perez,57,dominant-party,NA,0,0,3.423,1.052065404475043,7.091692197043943,-5,1
100,COL,Colombia,1951,Laureanco Gomez,62,dominant-party,NA,0,0,3.548,1.0377910377910378,7.153611728447059,-5,5
100,COL,Colombia,1952,Roberto Urdaneta Arbelaez,62,dominant-party,NA,0,0,3.62,1.0452760452760452,7.187409211986589,-5,5
100,COL,Colombia,1956,Rojas Pinillia,56,military,1956,1,0,3.883,1.0402936291057172,7.31323572030608,-5,5
100,COL,Colombia,1957,Paris,47,military,NA,0,0,3.853,1.0140541109590484,7.344707426175091,7,5
100,COL,Colombia,1960,Lleras Camargo,54,presidential,NA,0,0,3.956,1.022380730862666,7.436262458632516,7,5
100,COL,Colombia,1964,Guillermo-Leon,55,presidential,NA,0,0,4.233,1.0506850675138997,7.565270618675624,7,0
100,COL,Colombia,1968,Lleras Restropo,60,presidential,NA,0,0,4.56,1.063532045899804,7.6764861636960715,7,0
100,COL,Colombia,1972,Pastrana Borrero,49,presidential,NA,0,0,5.432,1.1416081711571604,7.781392339840401,7,0
100,COL,Colombia,1976,Lopez Michelsen,63,presidential,NA,0,0,6.334,1.115769447576099,7.874191066269716,8,4
100,COL,Colombia,1980,Turbay,64,presidential,NA,0,0,7.095,1.082611083984375,7.960462886467796,8,4
100,COL,Colombia,1984,Betancur,61,presidential,NA,0,0,7.021,0.9973578044207057,8.042800423980477,8,4
100,COL,Colombia,1988,Vargas,67,presidential,NA,0,0,7.506,1.0496434065165712,8.122090408487843,8,4
100,COL,Colombia,1992,César Gaviria Trujillo,45,presidential,NA,0,0,8.044,1.054923149556733,8.201880347543069,9,4
100,COL,Colombia,1996,Pizano,46,presidential,NA,0,0,8.807,1.0631080852707564,8.27313622110511,7,4
100,COL,Colombia,2000,Arango,46,presidential,NA,0,0,8.43,0.9691660343519348,8.332670413712181,7,4
100,COL,Colombia,2004,Alvaro Uribe Velez,52,presidential,2004,1,1,8.961,1.056248379264009,8.388153183121995,7,4
100,COL,Colombia,2014,Santos Calderon,63,presidential,NA,0,0,12.98,1.0976001623568807,8.511512889001766,7,4
101,VEN,Venezuela,1946,Betancourt,38,military,NA,0,0,4.924,1.2707752658201714,6.146312126901182,-3,0
101,VEN,Venezuela,1948,Gallegos,64,military,NA,0,0,5.683,1.2672256165544307,6.218920785404458,-3,0
101,VEN,Venezuela,1949,Delgado Chalbaud,40,military,NA,0,0,6.031,1.2370774532326878,6.256970026635691,-3,0
101,VEN,Venezuela,1953,Perez Jimenez,39,military,1953,1,1,7.349,1.147420684486635,6.4315178599805165,-3,0
101,VEN,Venezuela,1958,Larrazabal,47,military,NA,0,0,8.74,1.0926365795724466,6.638415945178073,6,1
101,VEN,Venezuela,1961,Betancourt,53,presidential,NA,0,0,8.691,1.0064153040900459,6.749165092445331,6,0
101,VEN,Venezuela,1966,Leoni,61,presidential,NA,0,0,9.637,1.0511561954624784,6.923333308945455,6,0
101,VEN,Venezuela,1971,Caldera Rodriguez,55,presidential,NA,0,0,10.62,1.0575371930453485,7.094414082972869,9,0
101,VEN,Venezuela,1976,Andres Perez,54,presidential,NA,0,0,12.156,1.085667333523864,7.243807427378647,9,0
101,VEN,Venezuela,1981,Campins,56,presidential,NA,0,0,11.706,0.9583456135180273,7.389499096725796,9,0
101,VEN,Venezuela,1986,Lusinchi,62,presidential,NA,0,0,10,0.9236680706421341,7.5180712425878315,9,0
101,VEN,Venezuela,1991,Andres Perez,69,presidential,NA,0,0,10.106,1.0198397481179486,7.648573426215011,9,0
101,VEN,Venezuela,1996,Caldera Rodriguez,80,presidential,NA,0,0,9.658,0.9662444724573304,7.7511840928238165,8,0
101,VEN,Venezuela,1999,Hugo Chavez,45,presidential,1999,1,1,9.119,0.948966636834766,7.798404458164647,7,0
101,VEN,Venezuela,2018,Maduro,56,personal,NA,0,0,1.68,0.20501305737924977,7.900575847926198,-3,3
110,GUY,Guyana,1975,Burnham,52,dominant-party,NA,0,0,4.084,1.0920370073265948,4.3711426180718025,1,0
110,GUY,Guyana,1989,Hoyte,60,dominant-party,NA,0,0,3.115,0.9861339749271877,4.361007267449806,-7,0
115,SUR,Suriname,1978,Ferrier,68,dominant-party,NA,0,0,8.013,1.1716282606152766,3.6468588248513236,5,0
115,SUR,Suriname,1984,Bouterse,38,military,NA,0,0,7.428,0.9609562989986804,3.6510737393780373,-6,0
130,ECU,Ecuador,1964,Castro,49,military,NA,0,0,4.179,1.0479462360198606,6.299206566687531,-6,0
130,ECU,Ecuador,1967,Arosemena Gomez,42,presidential,NA,0,0,4.395,1.0523921268138499,6.382925384909883,-88,0
130,ECU,Ecuador,1970,Velasco Ibarra,77,presidential,NA,0,0,4.69,1.0673645880746474,6.470517730342064,0,0
130,ECU,Ecuador,1974,Rodriguez Lara,51,military,NA,0,0,5.716,1.1730421934000985,6.588908595668,-5,0
130,ECU,Ecuador,1977,Poveda Burbano,51,military,NA,0,0,6.548,1.1505886487436303,6.674888358556994,-5,0
130,ECU,Ecuador,1980,Roldos Aquilers,40,presidential,NA,0,0,6.977,1.0705517706990733,6.756019181702768,9,0
130,ECU,Ecuador,1983,Hurtado Larrea,43,presidential,NA,0,0,6.708,0.9728788977519942,6.827268389341062,9,0
130,ECU,Ecuador,1986,Febres Cordaro,55,presidential,NA,0,0,6.529,0.9631214043369228,6.901247146959107,9,0
130,ECU,Ecuador,1990,Borja Cevallos,55,presidential,NA,0,0,6.506,1.0082132341546568,6.995670913674177,9,0
130,ECU,Ecuador,1994,Duran Ballen,73,presidential,NA,0,0,6.639,1.0143931059772644,7.074482541013835,9,0
130,ECU,Ecuador,1997,Alarcon Fabian,50,presidential,NA,0,0,6.689,1.0090815833936762,7.138843190138263,9,0
130,ECU,Ecuador,1999,Mahuad,50,presidential,NA,0,0,6.528,0.9816246127936001,7.172066109199088,9,0
130,ECU,Ecuador,2001,Gustavo Noboa,64,presidential,NA,0,0,6.674,1.0097128506157524,7.209509620958182,6,0
130,ECU,Ecuador,2004,Lucio Gutierrez,47,presidential,NA,0,0,7.494,1.109696144050228,7.271073209346937,6,0
130,ECU,Ecuador,2006,Alfredo Palacio,67,presidential,NA,0,0,8.107,1.1241298982223578,7.306659578643599,7,0
130,ECU,Ecuador,2008,Rafael Correa,45,presidential,2008,1,1,8.625,1.107529919358981,7.34120189427582,5,0
135,PER,Peru,1947,Bustamante,53,military,NA,0,0,2.857,1.0539324184742513,6.643099390749516,2,0
135,PER,Peru,1949,Odria,52,military,NA,0,0,2.919,1.0424255410327834,6.674971661177794,-6,0
135,PER,Peru,1953,Odria,56,military,NA,0,0,3.078,1.049437436072281,6.756242616525316,-2,0
135,PER,Peru,1959,Ugarteche,70,presidential,NA,0,0,3.372,1.030751360273889,6.920862996278166,5,0
135,PER,Peru,1966,Belaunde,53,presidential,NA,0,0,4.525,1.1139832594780896,7.130207391307494,5,0
135,PER,Peru,1972,Velasco Alvarado,62,military,NA,0,0,4.89,1.0450951057918358,7.29563330366325,-7,0
135,PER,Peru,1978,Morales Bermudez,57,military,NA,0,0,5.068,0.9789831556173697,7.455209991310867,-88,0
135,PER,Peru,1983,Belaunde,70,presidential,NA,0,0,4.876,0.9410947270902495,7.582766492595624,7,3
135,PER,Peru,1988,Garcia Perez,39,presidential,NA,0,0,4.935,0.9882253994953741,7.699976456383034,7,3
135,PER,Peru,1992,Fujimori,54,presidential,1992,1,1,4.187,0.9093080832211269,7.779250716557918,-4,3
135,PER,Peru,2004,Alejandro Toledo,58,presidential,NA,0,0,6.069,1.1067546867021665,7.973688716447455,9,0
135,PER,Peru,2009,Garcia Perez,60,presidential,NA,0,0,8.209,1.1785057999310897,8.021607185857764,9,0
135,PER,Peru,2014,Ollanta Humala,52,presidential,NA,0,0,10.244,1.115272394721944,8.07181598720467,9,0
135,PER,Peru,2017,Pedro Pablo Kuczynski Godard,79,presidential,NA,0,0,10.832,1.0602560588857133,8.10775921777044,9,0
140,BRA,Brazil,1948,Dutra,63,presidential,NA,0,0,1.936,1.087518256375688,8.569679753576535,5,0
140,BRA,Brazil,1952,Vargas,69,presidential,NA,0,0,2.068,1.0596433695429393,8.683524076171842,5,0
140,BRA,Brazil,1955,Cafe Filho,56,presidential,NA,0,0,2.271,1.0967835410026079,8.769540375110527,5,0
140,BRA,Brazil,1958,Kubitschek,56,presidential,NA,0,0,2.536,1.1173775114557631,8.858167990557938,6,0
140,BRA,Brazil,1965,Castello Branco,65,military,NA,0,0,3.26,1.0675923500130993,9.080837994814537,-9,0
140,BRA,Brazil,1968,Costa de Silva,66,military,NA,0,0,3.655,1.1143292682926829,9.16341573163461,-9,0
140,BRA,Brazil,1972,Medici,67,military,NA,0,0,4.923,1.2518435640543153,9.268356323581054,-9,0
140,BRA,Brazil,1976,Geisel,69,military,NA,0,0,6.242,1.1778691927388005,9.367206248033973,-4,0
140,BRA,Brazil,1982,Figueiredo,64,military,NA,0,0,6.698,1.0018847039818113,9.505670324694734,-3,0
140,BRA,Brazil,1987,Sarnay,57,presidential,NA,0,0,7.453,1.0882516134684461,9.6137833703311,7,0
140,BRA,Brazil,1991,Mello,42,presidential,NA,0,0,7.347,0.9963384865744509,9.6898183524781345,8,0
140,BRA,Brazil,1993,"Franco, Itamar",63,presidential,NA,0,0,7.686,1.041915193579872,9.721716004459644,8,0
140,BRA,Brazil,1997,Cardoso,66,presidential,1997,1,1,8.988,1.106705740389588,9.795169222410278,8,0
140,BRA,Brazil,2007,Lula da Silva,62,presidential,NA,0,0,10.469,1.1174561834212153,9.918367100949391,8,0
140,BRA,Brazil,2013,Rousseff,66,presidential,NA,0,0,12.86,1.078569511540526,9.977402756111182,8,0
140,BRA,Brazil,2017,Michel Temer,77,presidential,NA,0,0,11.864,0.9429643288611942,10.008351990167595,8,0
145,BOL,Bolivia,1946,Villarroel,38,dominant-party,1946,1,0,2.373,1.0113365155131266,5.724218887995674,-5,1
145,BOL,Bolivia,1948,Herzog,52,dominant-party,NA,0,0,2.387,1.0047987876746927,5.731199827053813,-5,0
145,BOL,Bolivia,1951,Urriolagoitia,57,dominant-party,1951,1,0,2.368,0.9994934999155832,5.726877063118405,-5,0
145,BOL,Bolivia,1951,Ballivian Rojas,49,dominant-party,NA,0,0,2.368,0.9994934999155832,5.726877063118405,-5,0
145,BOL,Bolivia,1954,Paz Estenssoro,47,dominant-party,NA,0,0,2.127,0.9183937823834196,5.771765058196327,4,0
145,BOL,Bolivia,1958,Siles Zuazo,44,dominant-party,NA,0,0,1.898,0.9144343804201194,5.86071784505974,4,0
145,BOL,Bolivia,1964,Paz Estenssoro,57,dominant-party,1964,1,0,2.092,1.0848371707114708,6.015388571727349,-4,0
145,BOL,Bolivia,1965,Barrientos Ortuna,46,personal,NA,0,0,2.169,1.099341104916371,6.038496022833952,-4,0
145,BOL,Bolivia,1967,Barrientos Ortuna,48,personal,NA,0,0,2.334,1.1111111111111112,6.08256359982266,-4,0
145,BOL,Bolivia,1970,Ovando Candia,52,military,NA,0,0,2.401,1.0460050535854317,6.139192502470227,-5,0
145,BOL,Bolivia,1971,Torres,50,military,NA,0,0,2.467,1.0534631480058074,6.160261727082049,-7,0
145,BOL,Bolivia,1974,Banzer Suarez,48,military,1974,1,0,2.76,1.1108427915962327,6.229737076114583,-7,0
145,BOL,Bolivia,1981,Garcia Meza Tejada,49,military,NA,0,0,2.87,0.976722025592159,6.379776714398192,-7,0
145,BOL,Bolivia,1982,Torrelio Villa,49,military,NA,0,0,2.791,0.9534057525449203,6.40201337783961,7,0
145,BOL,Bolivia,1984,Siles Zuazo,70,presidential,NA,0,0,2.669,0.9387310073157007,6.441997025363197,7,0
145,BOL,Bolivia,1987,Paz Estenssoro,80,presidential,NA,0,0,2.577,0.9615671641791044,6.495883189935269,9,0
145,BOL,Bolivia,1991,Paz Zamora,52,presidential,NA,0,0,2.78,1.070383489912213,6.583203115166374,9,0
145,BOL,Bolivia,1995,Gonzalo Sanchez de Lozada,65,presidential,NA,0,0,3.135,1.102708406612733,6.672255705458343,9,0
145,BOL,Bolivia,1999,Banzer Suarez,73,presidential,NA,0,0,3.383,1.0502949394597951,6.756293813308308,9,0
145,BOL,Bolivia,2002,Jorge Quiroga Ramirez,42,presidential,NA,0,0,3.453,1.0200886262924669,6.815160708570632,9,0
145,BOL,Bolivia,2003,Gonzalo Sanchez de Lozada,73,presidential,NA,0,0,3.532,1.0356556415669715,6.833942955427753,8,0
145,BOL,Bolivia,2004,Carlos Mesa,51,presidential,NA,0,0,3.623,1.0531976744186047,6.857060752665622,8,0
145,BOL,Bolivia,2013,Juan Morales,54,presidential,2013,1,1,5.167,1.1426360017691286,7.021963934144932,7,0
150,PAR,Paraguay,1948,Higinio Morínigo,51,dominant-party,1948,1,0,2.093,0.931132663048314,4.970257645284267,-5,0
150,PAR,Paraguay,1952,Chavez,70,dominant-party,NA,0,0,2.047,0.9715234931181774,5.119495678063707,-5,0
150,PAR,Paraguay,1967,Stroessner,55,dominant-party,1967,1,1,2.389,1.0656615219912569,5.50406243828558,-8,0
150,PAR,Paraguay,1991,Rodriguez Pedotti,67,dominant-party,NA,0,0,5.288,1.0843175853018372,6.137366297876829,2,0
150,PAR,Paraguay,1996,Wasmosy Monti,58,presidential,NA,0,0,5.661,1.0403572609990075,6.266165857835785,7,0
150,PAR,Paraguay,2001,Gonzalez Macchi,54,presidential,NA,0,0,5.281,0.9554220790968628,6.367164364990759,7,0
150,PAR,Paraguay,2006,Nicanor Duarte Frutos,50,presidential,NA,0,0,6.178,1.0754822087598357,6.456227907597338,8,0
150,PAR,Paraguay,2010,Fernando Lugo,59,presidential,NA,0,0,7.421,1.149758304412494,6.5270496104996605,8,0
150,PAR,Paraguay,2013,Federico Franco,51,presidential,NA,0,0,8.231,1.122858234202772,6.563127475954071,9,0
150,PAR,Paraguay,2017,Horacio Cartes,61,presidential,2017,1,0,9.343,1.1049743359273365,6.607089278972062,9,0
155,CHL,Chile,1949,Gonzalez Videla,51,presidential,NA,0,0,5.486,1.0190585875097522,6.456780644522773,2,0
155,CHL,Chile,1955,Ibanez Campo,78,presidential,NA,0,0,5.664,1.0167300926258347,6.582325647752136,2,0
155,CHL,Chile,1961,Alessandri Rodriguez,65,presidential,NA,0,0,6.059,1.035549478721586,6.740852637396344,5,0
155,CHL,Chile,1967,Frei Montalva,56,presidential,NA,0,0,7.255,1.0882935317412696,6.876103608218297,6,0
155,CHL,Chile,1972,Allende,64,presidential,NA,0,0,7.802,1.0314921071419128,6.967095311360863,6,0
155,CHL,Chile,1980,Pinochet,65,military,1980,1,1,7.968,1.1477629569876984,7.092787325743691,-7,0
155,CHL,Chile,1992,Aylwin,74,presidential,NA,0,0,10.578,1.1989934711643089,7.272000396713535,8,0
155,CHL,Chile,1997,Frei Ruiz-Tagle,55,presidential,NA,0,0,13.667,1.1537422546387748,7.3518768385137685,8,0
155,CHL,Chile,2003,Ricardo Lagos Escobar,75,presidential,NA,0,0,14.947,1.0623614033092625,7.416462059584536,9,0
155,CHL,Chile,2008,Michelle Bachelet,57,presidential,NA,0,0,18.743,1.1192657263313786,7.478435910840822,10,0
155,CHL,Chile,2012,Sebastian Piñera,63,presidential,NA,0,0,21.542,1.114791086639274,7.525325100675961,10,0
155,CHL,Chile,2016,Michelle Bachelet,65,presidential,NA,0,0,22.596,1.0375322564352163,7.566614281411887,10,0
160,ARG,Argentina,1949,Peron,54,presidential,1949,1,1,7.226,0.9140587446555519,7.434893328724428,-9,0
160,ARG,Argentina,1957,Aramburu,54,military,NA,0,0,5.944,1.0657677687728608,7.547953584911242,-88,0
160,ARG,Argentina,1960,Frondizi,52,military,NA,0,0,6.143,1.0420341973130682,7.620291766138911,5,0
160,ARG,Argentina,1963,Guido,53,military,NA,0,0,6.14,1.0021544688907749,7.661280462715346,6,0
160,ARG,Argentina,1965,Arturo Illia,65,military,NA,0,0,6.784,1.089204290026331,7.702096206262887,6,0
160,ARG,Argentina,1968,Ongania,54,military,NA,0,0,7.337,1.0997032285140442,7.742856779508937,-9,0
160,ARG,Argentina,1970,Levingston,50,military,NA,0,0,7.901,1.1026907832300563,7.772031614431888,-9,0
160,ARG,Argentina,1972,Lanusse,54,military,NA,0,0,8.291,1.0861761777498298,7.803711866329852,-9,0
160,ARG,Argentina,1975,"Peron, Isabel",44,presidential,NA,0,0,8.652,1.0394291068982915,7.8460857418121925,6,0
160,ARG,Argentina,1978,Videla,53,military,NA,0,0,8.606,0.9949132947976878,7.891764844434835,-9,3
160,ARG,Argentina,1983,Bignone,55,military,NA,0,0,8.541,0.988999536822603,7.98788616714942,8,0
160,ARG,Argentina,1986,Alfonsin,60,presidential,NA,0,0,8.671,1.0188231423602951,8.03920609896438,8,0
160,ARG,Argentina,1993,Menem,63,presidential,1993,1,1,11.285,1.224288318000347,8.159356143925235,7,0
160,ARG,Argentina,2000,de la Rua,63,presidential,NA,0,0,12.961,0.9811952094720426,8.263989837380699,8,0
160,ARG,Argentina,2002,Eduardo Duhalde,61,presidential,NA,0,0,11.53,0.8742398738304293,8.275104560007119,8,0
160,ARG,Argentina,2005,Nestor Kirchner,55,presidential,NA,0,0,13.433,1.0987779540955716,8.317152697335475,8,0
160,ARG,Argentina,2011,Fernandez de Kirchner,58,presidential,NA,0,0,17.253,1.1092038265699737,8.386010809133975,8,0
160,ARG,Argentina,2017,Mauricio Macri,58,presidential,NA,0,0,17.195,0.996938740013219,8.449236782616216,9,0
165,URU,Uruguay,1949,Batlle Berres,52,presidential,NA,0,0,6.825,1.1212419911286349,5.446314868631368,0,0
165,URU,Uruguay,1953,Martinez Trueba,69,presidential,NA,0,0,7.977,1.1143240298382366,5.489598664713463,8,0
165,URU,Uruguay,1955,Batlle Berres,58,presidential,NA,0,0,8.388,1.0827417064670195,5.521300905060881,8,0
165,URU,Uruguay,1956,Zubiria,55,presidential,NA,0,0,8.302,1.0383730238142885,5.5352967596385545,8,0
165,URU,Uruguay,1957,Lezama,58,presidential,NA,0,0,8.251,1.01463354648303,5.552494360442419,8,0
165,URU,Uruguay,1958,Fisher,55,presidential,NA,0,0,7.977,0.96782412462692,5.564600863856095,8,0
165,URU,Uruguay,1959,Echegoyen,67,presidential,NA,0,0,7.75,0.9402829341680619,5.57599834435819,8,0
165,URU,Uruguay,1960,Nardone,53,presidential,NA,0,0,7.798,0.958739057735812,5.593669945304037,8,0
165,URU,Uruguay,1961,Haedo,63,presidential,NA,0,0,7.808,0.9741005040171666,5.609951533571949,8,0
165,URU,Uruguay,1962,Harrison,62,presidential,NA,0,0,7.803,0.9856255052546483,5.621432941639176,8,0
165,URU,Uruguay,1963,Crespo,62,presidential,NA,0,0,7.716,0.9857931316434996,5.62902660035151,8,0
165,URU,Uruguay,1964,Giannattasio,69,presidential,NA,0,0,7.711,0.9917684887459807,5.642598321331204,8,0
165,URU,Uruguay,1965,Beltran,51,presidential,NA,0,0,7.719,0.9937944175507262,5.652053997871227,8,0
165,URU,Uruguay,1966,Heber Usher,50,presidential,NA,0,0,7.773,1.0027865933895812,5.663328467975671,8,0
165,URU,Uruguay,1967,Gestido,66,presidential,NA,0,0,7.66,0.9891018025928413,5.671538169677957,8,0
165,URU,Uruguay,1971,Pacheco Areco,51,presidential,1971,1,0,8.238,1.0487053491865468,5.7061230666657,-88,0
165,URU,Uruguay,1974,Bordaberry,46,military,NA,0,0,8.437,1.0320236813778254,5.703735806900611,-8,0
165,URU,Uruguay,1979,Mendez Manfredini,75,military,NA,0,0,9.933,1.1132904440608817,5.7270952739532754,-7,0
165,URU,Uruguay,1983,Alvarez Armalino,58,military,NA,0,0,8.968,0.9047619047619047,5.746711048778772,-7,0
165,URU,Uruguay,1987,Sanguinetti,51,presidential,NA,0,0,9.92,1.0855054384697875,5.783428180457999,9,0
165,URU,Uruguay,1992,Lacalle de Herrera,51,presidential,NA,0,0,11.281,1.1045293438032389,5.811329597944156,10,0
165,URU,Uruguay,1997,Sanguinetti,61,presidential,NA,0,0,13.37,1.1024985569390615,5.845296504417838,10,0
165,URU,Uruguay,2002,Jorge Batlle,75,presidential,NA,0,0,11.717,0.892492611437799,5.851756978254556,10,0
165,URU,Uruguay,2007,Tabare Vazquez,67,presidential,NA,0,0,13.972,1.1432218367480524,5.864363861663549,10,0
165,URU,Uruguay,2012,Jose Mujica,77,presidential,NA,0,0,18.751,1.1707228750171697,5.886687194710737,10,0
165,URU,Uruguay,2017,Tabare Vasquez,77,presidential,NA,0,0,20.683,1.049184818448365,5.89584531955332,10,0
220,FRN,France,1963,De Gaulle,73,presidential,NA,0,0,13.583,1.131501782679684,8.542251395706405,4,0
220,FRN,France,1971,Pompidou,60,presidential,NA,0,0,19.652,1.151084193385893,8.6124275501644,9,0
220,FRN,France,1977,Giscard D'Estaing,51,presidential,NA,0,0,23.51,1.0812774803613152,8.656427168355213,9,0
220,FRN,France,1988,Mitterand,72,presidential,NA,0,0,27.745,1.0729754814757522,8.708742045460323,10,0
220,FRN,France,2001,Chirac,69,presidential,NA,0,0,35.822,1.0767834168981232,8.776821871428316,10,0
220,FRN,France,2009,Sarkozy,54,presidential,NA,0,0,37.283,1.005903270541385,8.834667097208134,10,0
220,FRN,France,2014,Hollande,60,presidential,NA,0,0,38.127,1.0104685677939151,8.860584294526102,10,0
230,SPN,Spain,1957,Franco,65,personal,NA,0,0,5.856,1.1323381545363138,8.072217416122184,-7,0
235,POR,Portugal,1950,Salazar,61,personal,NA,0,0,3.316,1.0190534726490472,6.770266351350561,-9,0
235,POR,Portugal,1971,Caetano,65,personal,NA,0,0,9.533,1.2405975898597121,6.835658667301458,-9,2
235,POR,Portugal,1975,Costa Gomes,61,presidential,NA,0,0,10.886,1.0751817319848291,6.873206276376019,-88,2
235,POR,Portugal,1981,Eanes,46,presidential,NA,0,0,12.584,1.0678524150571942,6.945771420776709,9,0
235,POR,Portugal,1991,Soares,67,presidential,NA,0,0,18.425,1.1863064501590328,6.957665767734512,10,0
235,POR,Portugal,2001,Sampaio,62,presidential,NA,0,0,24.541,1.087578883925406,6.9988575269371855,10,0
235,POR,Portugal,2011,Cavaco Silva,72,presidential,NA,0,0,25.722,0.9866588926650761,7.022639004587012,10,0
265,GDR,East Germany,1960,Ulbricht,67,dominant-party,NA,0,0,8.535,1.2000843644544432,7.511195452604443,-9,0
265,GDR,East Germany,1980,Honecker,68,dominant-party,NA,0,0,15.451,1.0706366584439702,7.475632844253432,-9,0
265,GDR,East Germany,1990,Gysi,42,dominant-party,NA,0,0,12.678,0.7878546837519731,7.429650211272598,-88,0
290,POL,Poland,1950,Bierut,58,dominant-party,NA,0,0,3.935,1.0484945377031707,7.885110253672312,-7,0
290,POL,Poland,1963,Gomulka,58,dominant-party,NA,0,0,5.602,1.0757767791988326,8.087077129849948,-7,0
290,POL,Poland,1975,Gierek,62,dominant-party,NA,0,0,8.504,1.1064560618283066,8.182448022554558,-7,0
290,POL,Poland,1981,Kania,54,dominant-party,NA,0,0,7.918,0.9176246986834786,8.23382393870626,-8,0
290,POL,Poland,1986,Jaruzelski,63,dominant-party,NA,0,0,8.947,1.0957478077695584,8.282740684235726,-7,0
290,POL,Poland,1993,Walesa,50,presidential,NA,0,0,9.023,1.017662185328882,8.315813088828788,8,0
290,POL,Poland,2000,Kwasniewski,46,presidential,NA,0,0,13.161,1.1466283324621014,8.321162492280063,9,0
290,POL,Poland,2008,Kaczynski,59,presidential,NA,0,0,18.547,1.1729253886141433,8.318013694675521,10,0
290,POL,Poland,2013,Komorowski,61,presidential,NA,0,0,21.906,1.0916647563613167,8.314177459615525,10,0
310,HUN,Hungary,1950,Rakoski,58,dominant-party,NA,0,0,3.875,1.143405134257893,6.904160826671586,-7,0
310,HUN,Hungary,1972,Kadar,60,dominant-party,NA,0,0,8.186,1.0345263370741078,6.993728367136419,-7,0
310,HUN,Hungary,1989,Grosz,59,dominant-party,NA,0,0,12.306,1.0400960140640318,7.0180490063169545,-88,0
315,CZE,Czech Republik,1946,Benes,62,dominant-party,NA,0,0,5.897,1.0613750899928005,7.247120469830215,5,0
315,CZE,Czech Republik,1950,Gottwald,54,dominant-party,NA,0,0,6.515,1.084893092653034,7.19012199994906,-7,0
315,CZE,Czech Republik,1955,Zapotocky,71,dominant-party,NA,0,0,7.373,1.097303250386951,7.230758644799243,-7,0
315,CZE,Czech Republik,1962,Novotny,58,dominant-party,NA,0,0,9.933,1.0885002301268984,7.290737531188243,-7,0
315,CZE,Czech Republik,1979,Husak,66,dominant-party,NA,0,0,14.784,1.0340775558166864,7.385782879891517,-7,0
339,ALB,Albania,1965,Hoxha,57,dominant-party,NA,0,0,2.804,1.1064635782495462,5.293073642224983,-9,0
339,ALB,Albania,1988,Alia,63,dominant-party,NA,0,0,4.011,1,5.8100325944988604,-9,0
344,CRO,Croatia,1995,Tudjman,73,dominant-party,NA,0,0,11.265,NA,6.178406662660156,-5,3
345,YUG,Yugoslavia,1974,Tito,82,dominant-party,1974,1,1,5.619,1.1449588393512102,7.728918734324144,-7,0
345,YUG,Yugoslavia,1980,Mijatovic,68,dominant-party,NA,0,0,7.062,1.1243790599923578,7.7694677479153516,-5,0
345,YUG,Yugoslavia,1981,Kraigher,67,dominant-party,NA,0,0,7.181,1.098012232415902,7.777164444155403,-5,0
345,YUG,Yugoslavia,1982,Stambolic,70,dominant-party,NA,0,0,7.247,1.068280314867773,7.7879063703202425,-5,0
345,YUG,Yugoslavia,1983,Spiljac,67,dominant-party,NA,0,0,7.285,1.043098510882016,7.7902674860952486,-5,0
345,YUG,Yugoslavia,1984,Djuranovic,58,dominant-party,NA,0,0,7.363,1.0334325174039973,7.790205836607323,-5,0
345,YUG,Yugoslavia,1985,Vlajkovic,63,dominant-party,NA,0,0,7.443,1.0298024240411754,7.7867203968677074,-5,0
345,YUG,Yugoslavia,1986,Hasani,64,dominant-party,NA,0,0,7.553,1.0341192256085874,7.769868139020024,-5,0
345,YUG,Yugoslavia,1987,Mojsov,67,dominant-party,NA,0,0,7.636,1.0349407714618741,7.733218926943746,-5,0
345,YUG,Yugoslavia,1988,Dizarevic,62,dominant-party,NA,0,0,7.639,1.024543991416309,7.660683431468358,-5,0
345,YUG,Yugoslavia,1990,Milosevic,49,dominant-party,1990,1,0,7.432,0.9792863542929426,7.241443644226734,-5,0
346,BOS,Bosnia,1994,Izetbegovic,69,NA,NA,0,0,2.027,NA,5.9751445982408855,-77,6
346,BOS,Bosnia,2012,Zeljko Komsic,48,NA,NA,0,0,9.251,1.0474411231884055,5.992251737192552,-66,0
350,GRC,Greece,1970,Papadopoulos,51,military,NA,0,0,11.269,1.2545644816530104,6.845385072018048,-7,0
352,CYP,Cyprus,1967,Makarios,54,NA,NA,0,0,6.722,1.224854227405248,4.148927439992392,-77,2
352,CYP,Cyprus,1976,Makarios,63,NA,NA,0,0,7.908,0.9793916575844644,4.120905347390086,10,0
352,CYP,Cyprus,1982,Kyprianou,50,NA,NA,0,0,12.43,1.1765262659725508,4.170549144475833,10,0
352,CYP,Cyprus,1990,Vassiliou,59,NA,NA,0,0,19.157,1.1875743900019837,4.2735919541651874,10,0
352,CYP,Cyprus,1998,Clerides,79,NA,NA,0,0,23.401,1.0789738198651802,4.43022138352355,10,0
352,CYP,Cyprus,2005,Tassos Nikolaou Papadopoulos,71,NA,NA,0,0,28.51,1.0740818879127172,4.5308668101289244,10,0
352,CYP,Cyprus,2010,Dimitris Christofias,64,NA,NA,0,0,29.881,1.000535744182153,4.634359988118633,10,0
352,CYP,Cyprus,2018,Anastasiades,72,NA,NA,0,0,30.658,1.1158345283417166,4.683445178326946,10,0
355,BUL,Bulgaria,1948,Georgi Dimitrov,66,dominant-party,NA,0,0,2.691,1.071769953799586,6.627787375670167,-7,0
355,BUL,Bulgaria,1953,Chervenkov,53,dominant-party,NA,0,0,3.624,1.1767762047019092,6.662432578679785,-7,0
355,BUL,Bulgaria,1973,Zhivkov,62,dominant-party,NA,0,0,8.007,1.0869624239791487,6.790788784864955,-7,0
360,RUM,Romania,1946,Michael,25,dominant-party,NA,0,0,0.659,0.8427109974424553,7.437450742191779,-3,0
360,RUM,Romania,1956,Georghiu-Dej,55,dominant-party,NA,0,0,1.601,1.1322489391796322,7.526464971565523,-7,0
360,RUM,Romania,1977,Ceausescu,59,dominant-party,NA,0,0,5.562,1.1718848763221104,7.743008174873448,-8,0
365,RUS,Russia,1995,Yeltsin,64,personal,NA,0,0,11.531,0.7750994837599484,9.665245972427105,3,4
365,RUS,Russia,2008,Putin,56,personal,2008,1,1,21.815,1.2404612707691258,9.632986438513806,4,2
369,UKR,Ukraine,1992,Kravchuk,58,presidential,NA,0,0,9.487,NA,8.623961116209031,6,0
369,UKR,Ukraine,1999,Kuchma,61,presidential,NA,0,0,5.132,0.9130048034157622,8.56532733092473,7,0
369,UKR,Ukraine,2007,Yushchenko,53,presidential,NA,0,0,9.615,1.2659644502962475,8.509007378884567,7,0
369,UKR,Ukraine,2012,Yanukovych,62,presidential,NA,0,0,9.823,1.0327172564603968,8.484478039138665,6,0
369,UKR,Ukraine,2016,Petro Poroshenko,51,presidential,NA,0,0,9.211,0.9574445968982579,8.463985855893778,4,2
370,BLR,Belarus,1992,Shushkevich,58,dominant-party,NA,0,0,10.238,NA,6.9888780185957655,6,0
370,BLR,Belarus,2004,Lukashenko,50,personal,2004,1,1,11.711,1.191983551828027,6.941666730608814,-7,0
371,ARM,Armenia,1994,Ter-Petrosyan,49,personal,NA,0,0,3.121,NA,5.8056378544965295,6,3
371,ARM,Armenia,2003,Kocharian,49,personal,NA,0,0,5.326,1.2731879900554597,5.757651781605888,5,0
371,ARM,Armenia,2018,Sarkisyan,64,personal,2018,1,0,11.837,1.14853195164076,5.753223220802071,7,0
372,GRG,Georgia,1998,Shevardnadze,70,personal,NA,0,0,3.937,1.1608090576718952,6.182124162144475,4,1
372,GRG,Georgia,2005,Saakashvili,38,presidential,NA,0,0,6.071,1.256883772928657,6.114500429045814,7,0
372,GRG,Georgia,2010,Saakashvili,43,presidential,NA,0,0,8.155,1.1486239048987295,6.1029030542961795,6,0
372,GRG,Georgia,2016,Margvelashvili,47,presidential,NA,0,0,10.907,1.1356489869015638,6.098694314625482,7,0
373,AZE,Azerbaijan,1992,Abulfaz Elchibey,54,personal,NA,0,0,5.989,NA,6.667747828078503,1,6
373,AZE,Azerbaijan,2002,H. Aliyev,79,personal,2002,1,1,4.188,1.243394097737664,6.755642022198243,-7,0
373,AZE,Azerbaijan,2009,Ilhma Aliyev,48,personal,2009,1,1,12.814,1.5141560712766462,6.854314417063436,-7,0
375,FIN,Finland,1951,Paasikivi,72,presidential,NA,0,0,7.227,1.160814674419352,6.066363277958191,10,0
375,FIN,Finland,1973,Kekkonen,73,presidential,1973,1,1,17.912,1.183904399323181,6.207067741248206,10,0
375,FIN,Finland,1987,Koivisto,64,presidential,NA,0,0,24.543,1.0918870342029399,6.259843380048744,10,0
375,FIN,Finland,1997,Marthi Ahtisaari,60,presidential,NA,0,0,28.61,1.1306780906913696,6.300444452008798,10,0
402,CAP,Cap Verde,1983,Pires,49,dominant-party,NA,0,0,1.836,1.1174680462568474,3.4741380060638707,-4,0
404,GNB,Guinea-Bissau,1977,Cabral,46,dominant-party,NA,0,0,1.468,0.994041170097508,4.392385297989586,-7,0
404,GNB,Guinea-Bissau,1988,Vieira,49,personal,1988,1,1,1.416,1.0521622826571557,4.608693970161708,-8,0
404,GNB,Guinea-Bissau,1999,Sanha,52,personal,NA,0,0,1.461,0.9283263438810522,4.838691699480437,-88,2
404,GNB,Guinea-Bissau,2001,Kumba Iala,48,presidential,NA,0,0,1.436,0.9404060248853963,4.883846831024809,5,0
404,GNB,Guinea-Bissau,2004,Henrique Pereira Rosa,58,presidential,NA,0,0,1.384,0.9702748177229389,4.943462194391223,-1,0
404,GNB,Guinea-Bissau,2007,Vieira,68,presidential,NA,0,0,1.368,0.9874404504114336,5.011987712499411,6,0
404,GNB,Guinea-Bissau,2010,Sanha,54,presidential,NA,0,0,1.398,1.0173191675156454,5.0853468935541635,6,0
404,GNB,Guinea-Bissau,2013,Manuel Serifo Nhamadjo,55,presidential,NA,0,0,1.408,1.007729745204695,5.158422915393977,1,0
404,GNB,Guinea-Bissau,2017,Vaz,60,presidential,NA,0,0,1.599,1.1056562024616237,5.268430160387828,6,0
411,EQG,Equatorial Guinea,1972,Macias Nguema,48,personal,1972,1,1,2.212,1.0427076458942208,3.3895970235958344,-7,4
411,EQG,Equatorial Guinea,1995,Nguema Mbasogo,53,personal,1995,1,1,2.884,1.3030905476233507,3.8600136652673145,-5,0
420,GAM,Gambia,1979,Jawara,55,dominant-party,NA,0,0,2.407,0.974336139896373,4.216576944100117,8,0
420,GAM,Gambia,2005,Jammeh,63,personal,NA,0,0,2.34,1.0165073848827106,5.123118383892887,-5,0
432,MLI,Mali,1964,Keita,49,dominant-party,NA,0,0,0.645,0.8879405286343612,6.255813379478777,-7,0
432,MLI,Mali,1985,Traore,49,personal,1985,1,1,0.83,1.0765239948119325,6.68508786429689,-7,0
432,MLI,Mali,1991,Amadou Toure,43,personal,NA,0,0,0.984,1.1256005490734386,6.812253780877633,-88,1
432,MLI,Mali,1997,Konare,51,presidential,NA,0,0,1.222,1.1709467228823303,7.000155775214467,5,0
432,MLI,Mali,2007,Amadou Toure,59,presidential,NA,0,0,1.687,1.0705673308795531,7.273084268414536,7,0
432,MLI,Mali,2012,Dioncounda Traore,70,presidential,NA,0,0,1.869,1.0385641253611912,7.434686114785922,-77,1
432,MLI,Mali,2017,Ibrahim Boubacar Keita,72,presidential,NA,0,0,2.252,1.1405996758508914,7.575135832905049,5,1
433,SEN,Senegal,1970,Senghor,64,dominant-party,NA,0,0,2.365,0.9347826086956523,6.125689449199213,-7,0
433,SEN,Senegal,1990,Diouf,55,dominant-party,NA,0,0,2.283,0.9738099300460673,6.719592696563173,-1,0
433,SEN,Senegal,2008,Abdoulaye Wade,82,presidential,2008,1,0,2.544,1.0330544952489238,7.184695109602005,7,0
433,SEN,Senegal,2018,Sall,73,presidential,NA,0,0,3.122,1.1189964157706092,7.435765399848178,7,0
434,BEN,Benin,1961,Maga,45,personal,NA,0,0,1.438,1.033342914630641,5.500952041230706,2,0
434,BEN,Benin,1964,Apithy,51,personal,NA,0,0,1.48,1.0375771172181716,5.565339994740798,-88,0
434,BEN,Benin,1966,Soglo,54,military,NA,0,0,1.555,1.066090771973125,5.6120070402720055,-7,0
434,BEN,Benin,1969,Zinsou,51,military,NA,0,0,1.629,1.053686934023286,5.687666642770017,-7,0
434,BEN,Benin,1971,Maga,55,personal,NA,0,0,1.673,1.0440589116325512,5.732978751646481,-2,0
434,BEN,Benin,1983,Kerekou,50,personal,1983,1,1,1.666,0.9880204009014352,6.038670123147176,-7,0
434,BEN,Benin,1993,"Soglo, N",59,presidential,NA,0,0,1.649,1.0281830652201023,6.354396127413613,6,0
434,BEN,Benin,2001,Kerekou,68,presidential,NA,0,0,1.951,1.084732569776493,6.6137318089696615,6,0
434,BEN,Benin,2011,Yayi Boni,59,presidential,NA,0,0,2.129,1.01294128841945,6.915263025192391,7,0
435,MAA,Mauritania,1969,Ould Daddah,45,personal,NA,0,0,2.643,1.1269827733242366,4.874242669190701,-7,0
435,MAA,Mauritania,1982,Ould Haidalla,42,personal,NA,0,0,2.712,0.9417974718710933,5.200390265590498,-7,0
435,MAA,Mauritania,1995,Sidi Ahmed Taya,54,personal,NA,0,0,2.819,1.0340400557552638,5.523522790740663,-6,0
435,MAA,Mauritania,2006,Ould Mohamed Vall,53,presidential,NA,0,0,3.318,1.1718584445857174,5.800782135574152,-3,0
435,MAA,Mauritania,2007,Ould Cheikh Abdellahi,69,presidential,NA,0,0,3.331,1.127929026141135,5.822110546938319,4,0
435,MAA,Mauritania,2014,Ould Abdel Aziz,58,personal,NA,0,0,3.523,1.0413833875258647,6.006769329148808,-2,0
436,NIR,Niger,1967,Diori,51,dominant-party,NA,0,0,1.848,0.9854948805460751,6.1436533036217,-3,0
436,NIR,Niger,1981,Kountche,50,military,NA,0,0,1.507,1.0276868521549372,6.506868673516138,-7,0
436,NIR,Niger,1990,Seibou,50,military,NA,0,0,1.085,0.9556103575832305,6.754292862247488,-4,1
436,NIR,Niger,1994,Ousmane,44,presidential,NA,0,0,0.98,0.9304975313330802,6.887994310818204,6,1
436,NIR,Niger,1997,Mainassara,48,personal,NA,0,0,0.936,0.9537395557367028,6.992539344019728,-3,1
436,NIR,Niger,2009,Mamadou Tandja,71,presidential,2009,1,0,0.969,1.0260482846251588,7.4252857747727745,-3,0
436,NIR,Niger,2010,Djibo,45,presidential,NA,0,0,0.994,1.0425844346549191,7.461755902778351,3,0
436,NIR,Niger,2016,Issoufou,64,presidential,NA,0,0,1.103,1.046092564491654,7.690510046792749,5,0
437,CDI,Ivory Coast,1977,Houphouet-Boigny,72,dominant-party,NA,0,0,3.516,1.0905030705291237,6.647990532837282,-9,0
437,CDI,Ivory Coast,1996,Konan Bedie,62,dominant-party,NA,0,0,2.577,1.0366049879324215,7.389000484272954,-6,0
437,CDI,Ivory Coast,2000,Guei,59,personal,NA,0,0,2.508,0.9706633640374641,7.490696333967119,4,2
437,CDI,Ivory Coast,2005,Laurent Gbagbo,60,personal,2005,1,1,2.254,0.9397931954636424,7.605237549446885,-77,2
437,CDI,Ivory Coast,2017,Ouattara,75,presidential,NA,0,0,3.578,1.1907614483493079,7.910973884359603,4,0
438,GUI,Guinea,1971,Toure,49,dominant-party,NA,0,0,1.841,0.9784226190476191,6.109822972751348,-9,0
438,GUI,Guinea,2001,Conte,67,personal,2001,1,1,1.903,0.9858060505594695,6.8138038756228445,-1,1
438,GUI,Guinea,2009,Dadis Camara,45,military,NA,0,0,1.85,1.0052162573353618,6.958859905573038,-1,0
438,GUI,Guinea,2010,Sekouba Konate,44,military,NA,0,0,1.897,1.0284072427626585,6.984650577216508,1,0
439,BFO,Burkina Faso,1963,Yameogo,42,personal,NA,0,0,1.02,0.9990205680705192,6.266754528785732,-7,0
439,BFO,Burkina Faso,1974,Lamizana,58,personal,1974,1,1,1.104,0.9920920201294033,6.422192836708437,-4,0
439,BFO,Burkina Faso,1972,Gerard Kango Ouedraogo,47,personal,NA,0,0,1.131,1.0213111793389924,6.383879876031672,-4,0
439,BFO,Burkina Faso,1977,Lamizana,61,personal,NA,0,0,1.134,1.019967620075553,6.487228815961109,-88,0
439,BFO,Burkina Faso,1981,Zerbo,49,military,NA,0,0,1.209,1.0390168442763836,6.579612257936287,-7,0
439,BFO,Burkina Faso,1985,Sankara,36,personal,NA,0,0,1.221,1.0215863453815262,6.672804799403893,-7,0
439,BFO,Burkina Faso,1997,Campaore,46,personal,1997,1,1,1.362,1.0812956494125119,7.015190740450221,-5,0
439,BFO,Burkina Faso,2015,Kafando,58,presidential,NA,0,0,1.935,1.05946123521682,7.5591774532627385,6,0
450,LBR,Liberia,1949,Tubman,54,dominant-party,1949,1,1,1.584,1.0020242914979758,4.509870006133767,-6,0
450,LBR,Liberia,1975,Tolbert,62,dominant-party,NA,0,0,2.37,0.968849644346333,5.15078556685851,-6,0
450,LBR,Liberia,1985,Doe,34,personal,NA,0,0,1.634,0.8751071122536418,5.427361205146943,-6,2
450,LBR,Liberia,1992,Sawyer,47,personal,NA,0,0,0.53,0.4342838413634874,5.366690712835543,-77,4
450,LBR,Liberia,1994,Kpormapkor,50,personal,NA,0,0,0.307,0.387822132390096,5.364165966657279,-77,4
450,LBR,Liberia,1996,Sankawulo,53,personal,NA,0,0,0.309,0.6857523302263648,5.430288167081932,-88,4
450,LBR,Liberia,1997,Ruth Perry,58,personal,NA,0,0,0.429,1.1818181818181819,5.52216467017049,0,4
450,LBR,Liberia,2000,Taylor,52,personal,NA,0,0,0.909,2.024498886414254,5.718999440461062,0,1
450,LBR,Liberia,2004,Bryant,55,presidential,NA,0,0,0.794,0.9051527587779299,5.779539087055447,-88,0
450,LBR,Liberia,2012,Johnson Sirleaf,74,presidential,NA,0,0,1.034,1.0925612848689772,6.0717349211712515,6,0
451,SIE,Sierra Leone,1971,Stevens,66,dominant-party,1971,1,1,1.612,1.0934744268077603,5.682034356118599,-6,0
451,SIE,Sierra Leone,1989,Momoh,52,dominant-party,NA,0,0,1.558,0.9969285897107756,6.089292010439357,-7,0
451,SIE,Sierra Leone,1994,Strasser,29,military,NA,0,0,1.428,0.9603227975790182,6.108943091967303,-7,3
451,SIE,Sierra Leone,1996,Kabbah,64,military,NA,0,0,1.224,0.8608805739203826,6.095243312458102,4,3
451,SIE,Sierra Leone,2002,Kabbah,70,presidential,NA,0,0,1.13,1.101149873319041,6.2160510568567515,5,0
451,SIE,Sierra Leone,2012,Bai Koroma,59,presidential,NA,0,0,1.615,1.1993167978612802,6.497047954436027,7,0
452,GHA,Ghana,1964,Nkrumah,55,dominant-party,1964,1,1,3.304,1.0224670421489137,6.740840820934357,-9,0
452,GHA,Ghana,1967,Ankrah,52,military,NA,0,0,3.059,0.9429135071820481,6.8179684175328115,-4,0
452,GHA,Ghana,1975,Acheampong,44,military,NA,0,0,2.97,0.9185945812198442,7.003820628119765,-7,0
452,GHA,Ghana,1978,Akuffo,41,military,NA,0,0,2.832,0.9437483337776593,7.0696657734208355,-5,0
452,GHA,Ghana,1980,Limann,46,presidential,NA,0,0,2.648,0.9335119509271664,7.107886465299035,5,0
452,GHA,Ghana,1991,Rawlings,44,personal,NA,0,0,2.5,1.0632868322558693,7.428117484652667,-4,0
452,GHA,Ghana,2005,John Agyekum Kufuor,67,presidential,NA,0,0,3.191,1.0781133860395973,7.750826075050778,8,0
452,GHA,Ghana,2010,Atta Mills,66,presidential,NA,0,0,3.886,1.1322184021910147,7.871669017972372,8,0
452,GHA,Ghana,2014,John Mahama,56,presidential,NA,0,0,4.848,1.1438818366287575,7.971459992861588,8,0
461,TOG,Togo,1965,Grunitzky,52,personal,NA,0,0,1.572,1.214649976819657,5.2109441059045976,-6,0
461,TOG,Togo,2002,Eyadema,65,personal,2002,1,1,1.323,0.9541324102120293,6.329745860648035,-2,0
461,TOG,Togo,2014,Faure Gnassingbe,48,personal,NA,0,0,1.495,1.1334344200151631,6.654264627301043,-2,0
471,CAO,Cameroon,1971,Ahidjo,47,dominant-party,NA,0,0,1.742,1.036904761904762,6.57854818716826,-7,0
471,CAO,Cameroon,2008,Biya,75,personal,2008,1,1,2.454,1.0168227397033232,7.645505297656953,-4,0
475,NIG,Nigeria,1971,Gowon,37,military,NA,0,0,2.771,1.3304205876704434,8.717246278015475,-7,0
475,NIG,Nigeria,1977,Obasanjo,40,presidential,NA,0,0,3.607,1.0956865127582018,8.889999148163524,-7,0
475,NIG,Nigeria,1981,Shagari,56,presidential,NA,0,0,3.188,0.902962669234691,9.009343145430782,7,2
475,NIG,Nigeria,1984,Buhari,42,military,NA,0,0,2.417,0.7721058011755686,9.06115683544197,-7,2
475,NIG,Nigeria,1989,Babangida,48,military,NA,0,0,1.845,0.8563869290753806,9.136095913585562,-5,2
475,NIG,Nigeria,1996,Abacha,53,military,NA,0,0,1.551,0.9134275618374558,9.280735925910648,-6,0
475,NIG,Nigeria,1998,Abubakar,56,military,NA,0,0,1.582,0.9919739152244796,9.333524351795933,-88,1
475,NIG,Nigeria,2006,Obasanjo,69,presidential,2006,1,0,3.25,1.3356896268288674,9.637156320045264,4,1
475,NIG,Nigeria,2008,Yar'Adua,57,presidential,NA,0,0,3.605,1.217165237355662,9.686467588730558,4,2
475,NIG,Nigeria,2012,Goodluck Jonathan,55,presidential,NA,0,0,4.27,1.1180351906158357,9.789145714162844,4,4
481,GAB,Gabon,1961,Mba,59,dominant-party,1961,1,1,4.593,0.9806977836614426,3.9052803245607537,-7,0
481,GAB,Gabon,1996,Bongo,61,dominant-party,1996,1,1,11.144,1.0365161746377216,4.7612589864456085,-4,0
481,GAB,Gabon,2016,Ali Bongo Ondimba,57,dominant-party,NA,0,0,11.685,0.9953321180940051,5.352805551832106,3,0
482,CEN,Central African Republic,1962,Dacko,32,personal,1962,1,0,1.499,0.9741356901481675,5.082180461259352,-7,0
482,CEN,Central African Republic,1972,Bokassa,51,personal,1972,1,1,1.402,0.9778211745013251,5.300155675821677,-7,0
482,CEN,Central African Republic,1980,Dacko,50,personal,NA,0,0,1.25,0.9286775631500742,5.471867230954867,-7,0
482,CEN,Central African Republic,1987,Kolingba,52,military,NA,0,0,1.162,0.9612839179351421,5.664546028045816,-7,0
482,CEN,Central African Republic,1998,Patasse,61,presidential,NA,0,0,0.988,0.995766982463213,5.942557876151898,5,0
482,CEN,Central African Republic,2008,Francois Bozize,55,personal,NA,0,0,0.957,1.0321397756686799,6.148102844533039,-1,3
482,CEN,Central African Republic,2013,Djotodia,64,personal,NA,0,0,0.747,0.7639599100020454,6.207674113819262,-77,3
482,CEN,Central African Republic,2015,Catherine Samba-Panza,61,presidential,NA,0,0,0.707,0.8037744429286039,6.236492870275637,-77,3
483,CHA,Chad,1961,Tombalbaye,43,dominant-party,1961,1,1,1.391,1.0606984901631844,5.799238098428494,-3,0
483,CHA,Chad,1977,Malloum,45,military,NA,0,0,1.187,0.9866999168744804,6.137374940265585,-7,4
483,CHA,Chad,1980,Oueddei,36,personal,NA,0,0,0.875,0.7603406326034063,6.18417363289944,-77,4
483,CHA,Chad,1986,Habre,44,personal,NA,0,0,1.01,1.123220640569395,6.343152577035479,-7,4
483,CHA,Chad,2005,Deby,53,personal,2005,1,1,1.55,1.36443661971831,6.972001569924624,-2,1
484,CON,Congo,1962,Youlou,45,personal,NA,0,0,1.584,0.9739301524840138,4.701171036315519,3,0
484,CON,Congo,1966,Debat,45,dominant-party,NA,0,0,1.65,1.0307346326836582,4.798258571892939,-7,0
484,CON,Congo,1969,Ngouabi,31,dominant-party,1969,1,1,1.815,1.086436011014007,4.881558725895075,-7,0
484,CON,Congo,1978,Opango,39,dominant-party,NA,0,0,2.279,1.0093002657218777,5.136797937383345,-7,0
484,CON,Congo,1985,Nguesso,42,dominant-party,NA,0,0,3.848,1.119515885022693,5.3609259014597646,-8,0
484,CON,Congo,1995,Lissouba,64,presidential,NA,0,0,2.614,0.8917240908780787,5.628074248419659,5,0
484,CON,Congo,2001,Nguesso,58,personal,2001,1,1,2.903,1.092996987951807,5.809711828494908,-5,0
490,DRC,Democratic Republic of the Congo,1963,Kasavubu,50,military,NA,0,0,2.15,1.0323633919139537,7.530185423966682,-88,4
490,DRC,Democratic Republic of the Congo,1967,Mobutu,37,personal,1967,1,1,2.123,0.9989648033126295,7.629255194971526,-9,1
490,DRC,Democratic Republic of the Congo,1999,Laurent Kabila,60,personal,NA,0,0,0.611,0.8310663764961915,8.541022211705902,-77,5
490,DRC,Democratic Republic of the Congo,2016,Joseph Kabila,45,personal,2016,1,1,0.861,1.1202185792349728,9.077752990775489,-3,6
500,UGA,Uganda,1976,Amin,51,personal,1976,1,1,1.165,0.9405780720167932,7.065464761609081,-7,5
500,UGA,Uganda,1979,Banaisa,60,personal,NA,0,0,0.965,0.8366568406450494,7.142794199029408,-66,2
500,UGA,Uganda,1983,Obote,59,personal,NA,0,0,0.939,0.9846895973154361,7.272460196215717,3,4
500,UGA,Uganda,2005,Museveni,61,personal,2005,1,1,1.459,1.1078208048595293,7.993305630768279,-1,2
501,KEN,Kenya,1971,Kenyatta,80,dominant-party,NA,0,0,1.916,1.06220201796208,7.133702895229072,-7,0
501,KEN,Kenya,1990,Moi,66,dominant-party,NA,0,0,2.282,1.0354841637172159,7.8300364323995755,-7,0
501,KEN,Kenya,2008,Mwai Kibaki,77,presidential,NA,0,0,2.324,1.0587699316628703,8.33762815193518,7,4
501,KEN,Kenya,2017,Uhuru Kenyatta,56,presidential,NA,0,0,3.204,1.1258697027197977,8.581762587077186,9,0
510,TAZ,Tanzania,1973,Nyerere,51,dominant-party,NA,0,0,1.572,1.0628803245436105,7.381826250365902,-6,0
510,TAZ,Tanzania,1990,Mwinyi,65,dominant-party,NA,0,0,1.189,0.9749098064939324,7.883655906247257,-6,0
510,TAZ,Tanzania,2000,Mkapa,62,dominant-party,NA,0,0,1.274,1.0875875021341985,8.171392338237466,-1,0
510,TAZ,Tanzania,2010,Kikwete,60,dominant-party,NA,0,0,1.957,1.1340982846546128,8.457594980160213,-1,0
510,TAZ,Tanzania,2018,John Magufuli,59,dominant-party,NA,0,0,2.426,1.071744124403605,8.676469910625949,3,0
516,BUI,Burundi,1971,Micombero,31,dominant-party,NA,0,0,0.862,1.1241523213354199,5.916654790299466,-7,0
516,BUI,Burundi,1982,Bagaza,36,dominant-party,NA,0,0,0.974,0.9973377022322343,6.139722901230402,-7,0
516,BUI,Burundi,1990,Buyoya,41,military,NA,0,0,1.093,1.0305487459928342,6.334272030749546,-6,0
516,BUI,Burundi,1995,Ntibantunganya,39,presidential,NA,0,0,0.912,0.8587570621468926,6.4159296729257065,-77,4
516,BUI,Burundi,1999,Buyoya,50,military,NA,0,0,0.812,0.9248291571753987,6.4817869081901325,-1,4
516,BUI,Burundi,2004,Ndayizeye,51,presidential,NA,0,0,0.766,0.9772901250318958,6.616795841832967,-88,4
516,BUI,Burundi,2015,Nkurunziza,52,presidential,2015,1,1,0.76,0.9945040565297043,6.995691061910245,-1,1
517,RWA,Rwanda,1973,Kayibanda,49,dominant-party,1973,1,0,0.998,1.0194075587334015,6.068298265324077,-7,0
517,RWA,Rwanda,1988,Habyarimana,51,military,1988,1,1,1.162,0.9524590163934425,6.5790109053609935,-7,0
517,RWA,Rwanda,2003,Paul Kagame,46,dominant-party,2003,1,1,1.149,1.147852147852148,6.805726983086022,-3,0
520,SOM,Somalia,1964,Osman Daar,56,presidential,NA,0,0,1.565,NA,5.771397508471745,7,2
520,SOM,Somalia,1968,Shermarke,49,presidential,NA,0,0,1.596,1.0119198579761604,5.8601735001767485,7,0
520,SOM,Somalia,1979,Siad Barre,67,personal,1979,1,1,1.622,0.9975399753997541,6.400068058605528,-7,0
520,SOM,Somalia,2014,Hassan Sheikh Mohamud,59,personal,NA,0,0,1.706,1.0186290900406019,7.2611450325874785,5,5
522,DJI,Djibouti,1981,Gouled Aptidon,65,personal,1981,1,1,3.728,0.829218381600605,3.643489751815126,-8,0
522,DJI,Djibouti,2010,Guelleh,63,personal,2010,1,1,3.045,1.0558252427184467,4.459485237190998,2,0
530,ETH,Ethiopia,1976,Banti,55,military,NA,0,0,0.794,0.9939909864797195,8.147701606966518,-7,6
530,ETH,Ethiopia,1984,Mengistu Marriam,47,military,NA,0,0,0.846,1.0160941628633198,8.349709960137378,-8,6
531,ERI,Eritrea,2000,Afeworki,54,dominant-party,2000,1,1,24.674,1.047532520463268,5.521600908063161,-6,5
540,ANG,Angola,1977,Neto,55,dominant-party,NA,0,0,3.57,0.8486663814006561,6.663866781528771,-7,8
540,ANG,Angola,1992,Dos Santos,50,dominant-party,1992,1,1,2.785,0.9333735505060662,7.125340209750712,-77,7
541,MZM,Mozambique,1981,Machel,48,dominant-party,NA,0,0,0.824,0.9545875810936052,7.152587520993483,-8,6
541,MZM,Mozambique,1995,Chissano,56,dominant-party,NA,0,0,0.714,0.9930458970792768,7.3704554276239795,5,0
541,MZM,Mozambique,2010,Guebuza,68,dominant-party,NA,0,0,1.33,1.063659628918746,7.789492660599163,5,0
551,ZAM,Zambia,1978,Kaunda,54,dominant-party,NA,0,0,2.019,0.84725136382710875,6.36355555062269,-9,0
551,ZAM,Zambia,1996,Chiluba,53,presidential,1996,1,0,1.359,0.9538180797304885,6.901251173068426,1,0
551,ZAM,Zambia,2005,Levy Mwanawasa,57,dominant-party,NA,0,0,1.83,1.16649668536461,7.138412928616772,5,0
551,ZAM,Zambia,2010,Banda,73,dominant-party,NA,0,0,2.672,1.2341801385681295,7.289991336304,7,0
551,ZAM,Zambia,2013,Sata,76,presidential,NA,0,0,2.925,1.1106470230862697,7.375097870806226,7,0
551,ZAM,Zambia,2018,Edgar Lungu,62,presidential,NA,0,0,2.926,0.9957800163354207,7.513148807134204,6,0
552,ZIM,Zimbabwe,1972,Smith,53,dominant-party,NA,0,0,3.094,1.23198216134427,6.417194593930586,NA,3
552,ZIM,Zimbabwe,1987,Mugabe,63,dominant-party,1987,1,1,3.174,0.9917510311211098,6.92656427553585,-6,1
553,MAW,Malawi,1971,Banda,65,personal,1971,1,1,1.066,1.1216329966329968,6.249110003183224,-9,0
553,MAW,Malawi,2002,Muluzi,59,presidential,2002,1,0,1.016,0.9502431724653948,7.130389100406137,4,0
553,MAW,Malawi,2008,Bingu wa Mutharika,74,presidential,NA,0,0,1.218,1.1103008204193254,7.312700918856705,6,0
553,MAW,Malawi,2014,Joyce Hilda Banda,64,presidential,2014,1,0,1.235,1.0071766432882077,7.476825093585502,6,0
553,MAW,Malawi,2017,Peter Mutharika,77,presidential,NA,0,0,1.256,1.0214703968770331,7.5565121269025735,6,0
560,SAF,South Africa,1951,Malan,77,dominant-party,NA,0,0,5.421,1.0697793740379682,7.300124340323505,4,0
560,SAF,South Africa,1956,Strijdom,83,dominant-party,NA,0,0,6.069,1.0767893261417267,7.419038797898141,4,0
560,SAF,South Africa,1962,Verwoerd,61,dominant-party,NA,0,0,6.64,1.0589098331898064,7.563428499926186,4,0
560,SAF,South Africa,1972,Vorster,57,dominant-party,NA,0,0,8.627,1.052150157328585,7.829298591868125,4,0
560,SAF,South Africa,1983,Botha,67,dominant-party,NA,0,0,9.11,0.9882194693337382,8.124396498997733,4,3
560,SAF,South Africa,1991,deKlerk,55,dominant-party,NA,0,0,8.266,0.961073388521998,8.317730277403454,5,3
565,NAM,Namibia,1998,Nujoma,69,dominant-party,1998,1,1,5.97,1.0474786819665227,5.231440112705904,6,0
565,NAM,Namibia,2010,Pohamba,75,dominant-party,NA,0,0,8.337,1.081519342033573,5.438505305130447,6,0
570,LES,Lesotho,1976,Jonathan,62,dominant-party,NA,0,0,1.246,1.1298512876314835,4.847535803948893,-7,0
570,LES,Lesotho,1988,Lekhanya,50,military,NA,0,0,1.459,1.0927201917315759,5.140323477711481,-10,0
570,LES,Lesotho,1992,Ramaema,59,military,NA,0,0,1.649,1.0948081264108351,5.224493200271463,-4,0
570,LES,Lesotho,1993,Mokhehle,75,military,NA,0,0,1.702,1.0914454277286134,5.24414097265198,5,0
571,BOT,Botswana,1973,Khama,52,dominant-party,NA,0,0,1.871,1.507169324955695,4.270075000796199,6,0
571,BOT,Botswana,1989,Masire,64,dominant-party,NA,0,0,6.517,1.3776265167209234,4.89422881055712,7,0
571,BOT,Botswana,2003,Mogae,64,dominant-party,NA,0,0,10.346,1.0803867922558008,5.229053029646255,8,0
571,BOT,Botswana,2013,Ian Khama,60,dominant-party,NA,0,0,13.705,1.103924348358411,5.400585104495615,8,0
580,MAG,Madagascar,1966,Tsiranana,56,dominant-party,NA,0,0,1.716,0.9960529370791733,6.465903637635812,1,0
580,MAG,Madagascar,1973,Ramanantsoa,67,military,NA,0,0,1.793,0.9606729532790398,6.644478298115728,-3,0
580,MAG,Madagascar,1984,Ratsiraka,48,personal,NA,0,0,1.396,0.9407008086253369,6.951894644936141,-6,0
580,MAG,Madagascar,1994,Zafy,67,presidential,NA,0,0,1.156,0.9233226837060702,7.240040189548789,9,0
580,MAG,Madagascar,1999,Ratsiraka,63,presidential,NA,0,0,1.186,1.0248876598686485,7.398526755823538,7,0
580,MAG,Madagascar,2005,Marc Ravalomanana,56,presidential,NA,0,0,1.206,1.0255102040816326,7.575714899485419,7,0
580,MAG,Madagascar,2011,Rajoelina,37,personal,NA,0,0,1.275,1.0091815735317398,7.748485045156982,3,0
580,MAG,Madagascar,2016,Rajaonarimampianina,58,presidential,NA,0,0,1.292,1.0155635906304041,7.885645216435185,6,0
581,COM,Comoros,1976,Soilih,39,military,NA,0,0,2.166,1.0230493104099754,3.4211633943030333,-5,0
581,COM,Comoros,1984,Bob Denard,55,military,NA,0,0,2.541,1.0727856117537784,3.6824588863110135,-9,0
581,COM,Comoros,1992,Djohar,74,military,NA,0,0,2.43,0.9747292418772564,3.8937979331374724,4,0
581,COM,Comoros,1997,Abdoulkarim,61,military,NA,0,0,2.253,0.9642215184456049,4.018255141114846,4,0
581,COM,Comoros,2000,Azali Assoumani,41,military,NA,0,0,2.232,0.9928825622775801,4.091824723426633,-1,0
581,COM,Comoros,2004,Azali Assoumani,45,military,NA,0,0,2.232,0.9918236757909706,4.190003166168169,6,0
581,COM,Comoros,2010,Sambi,52,presidential,2010,1,1,2.157,0.9839430708876927,4.32411941113415,9,0
581,COM,Comoros,2013,Dhoinine,51,presidential,NA,0,0,2.314,1.0595238095238095,4.395177284583233,9,0
581,COM,Comoros,2018,Azali Assoumani,59,presidential,2018,1,1,2.633,1.091625207296849,4.477461806666358,-3,0
615,ALG,Algeria,1964,Bella,48,dominant-party,NA,0,0,4.69,1.0640228685512048,7.172536619965233,-8,1
615,ALG,Algeria,1972,Boumedienne,45,dominant-party,NA,0,0,6.428,1.167368879848903,7.392798371412051,-9,0
615,ALG,Algeria,1985,Benjedid,56,dominant-party,NA,0,0,10.357,1.021037895816081,7.7908552409981136,-9,0
615,ALG,Algeria,1993,Kafi,65,military,NA,0,0,7.86,0.9264497878359265,7.994738545249185,-7,4
615,ALG,Algeria,1996,Zeroual,55,military,NA,0,0,7.967,1.00007531632858,8.048781574246515,-3,4
615,ALG,Algeria,2008,Bouteflika,71,military,2008,1,1,11.814,1.0791012056996712,8.221449914587684,2,0
616,TUN,Tunisia,1975,Ben Ali Bourguiba,72,dominant-party,1975,1,1,3.961,1.1568341121495327,6.398643186282887,-9,0
616,TUN,Tunisia,2002,Zine Al-Abidine Ben Ali,66,dominant-party,2002,1,1,8.314,1.0661708130289818,6.951553958775614,-4,0
616,TUN,Tunisia,2011,Mebazaa,78,dominant-party,NA,0,0,10.485,1.0383244206773616,7.037808504791306,-88,0
616,TUN,Tunisia,2013,Marzouki,68,presidential,NA,0,0,10.66,1.0185362124976114,7.058437378806286,-88,0
616,TUN,Tunisia,2017,Caid Essebsi,91,presidential,NA,0,0,10.799,1.008818638716066,7.098833385048559,7,0
620,LIB,Libya,1990,Qaddafi,48,personal,NA,0,0,13.321,0.9875893360220633,6.121325461762379,-7,0
620,LIB,Libya,2012,Mustafa Jalil,60,personal,NA,0,0,14.269,0.8246070272769302,6.483136403022965,-77,0
620,LIB,Libya,2013,Mohammed Magariaf,73,personal,NA,0,0,12.097,0.7381350450923202,6.50350792910535,-77,0
620,LIB,Libya,2014,Nouri Abusahmain,3013,personal,NA,0,0,9.901,0.6628950187466524,6.510320838570106,-77,2
620,LIB,Libya,2015,Akila Saleh Issa,71,personal,NA,0,0,8.892,0.6759818156938469,6.527080339681191,-77,2
620,LIB,Libya,2018,Fayez al-Sarraj,58,personal,NA,0,0,11.34,1.1329803177140574,6.583138092737071,-77,2
625,SUD,Sudan,1961,Abboud,61,military,NA,0,0,2.048,1.0194126431060229,6.772652366452526,-7,5
625,SUD,Sudan,1970,Nimeiri,40,personal,NA,0,0,1.866,0.9832437559279165,7.024325134588663,-6,5
625,SUD,Sudan,1978,Nimeiri,48,personal,NA,0,0,2.304,1.1126134827119953,7.297531964833978,-6,0
625,SUD,Sudan,1985,Abdul Rahman Swaredahab,51,personal,NA,0,0,1.896,0.9106628242074928,7.547222107872556,-3,6
625,SUD,Sudan,1993,Al-Bashir,49,personal,1993,1,1,1.811,0.9782843560933449,7.794856512413705,-7,6
626,SSD,South Sudan,2018,Salva Kiir,67,personal,NA,0,0,21.569,0.9947424249411981,7.054845952654888,-4,6
630,IRN,Iran,1984,Ayatollah Khomeini,82,dominant-party,NA,0,0,5.521,0.9127732037165626,8.443689159930553,-6,13
630,IRN,Iran,1993,Rafsanjani,50,dominant-party,NA,0,0,5.838,1.1744115872057936,8.734056422741293,-6,4
630,IRN,Iran,2001,Khatami,55,dominant-party,NA,0,0,7.799,1.1481950415169897,8.854629962724278,3,0
630,IRN,Iran,2009,Ahmadinejad,53,dominant-party,NA,0,0,11.824,1.0936199337760595,8.954205931793226,-7,0
630,IRN,Iran,2017,Rouhani,69,dominant-party,NA,0,0,11.022,0.9948012563630455,9.054365045159289,-7,0
640,TUR,Turkey,1961,Gursel,66,military,NA,0,0,4.303,1.042443916856437,8.034977052118313,9,0
640,TUR,Turkey,1982,Evren,65,military,NA,0,0,7.668,1.007621550591327,8.513889941689111,-5,2
640,TUR,Turkey,1986,Ozal,59,presidential,NA,0,0,8.749,1.102444556451613,8.60556609111303,7,3
640,TUR,Turkey,1990,Akbulut,55,presidential,NA,0,0,9.969,1.1014739354296952,8.678288558129156,9,3
640,TUR,Turkey,1992,Demirel,68,presidential,NA,0,0,10.339,1.0738471125882842,8.710868713968866,9,3
640,TUR,Turkey,1994,Ciller,48,presidential,NA,0,0,10.481,1.0354059233793689,8.738682895879368,8,3
640,TUR,Turkey,1996,Erbakan,70,presidential,NA,0,0,11.471,1.0929758365729094,8.77748731461913,8,3
640,TUR,Turkey,1998,Yilmaz,51,presidential,NA,0,0,12.031,1.0836786164655017,8.811739401679217,7,3
640,TUR,Turkey,2000,Ecevit,75,presidential,NA,0,0,11.969,1.0299635136995733,8.840209154256668,7,0
640,TUR,Turkey,2017,Erdogan,63,presidential,2017,1,1,22.367,1.1092871241953244,9.081521401286594,-4,2
645,IRQ,Iraq,1960,Karrim Kassem,46,personal,NA,0,0,6.676,1.1403388904072151,6.610316430277621,-5,0
645,IRQ,Iraq,1964,Salem Aref,43,personal,NA,0,0,7.536,1.0922055711759762,6.733667332795267,-5,5
645,IRQ,Iraq,1967,Rahmen Aref,51,personal,NA,0,0,7.133,0.9563969858679038,6.821084571230879,-5,5
645,IRQ,Iraq,1974,Hassan Al-Bakr,60,dominant-party,NA,0,0,6.875,1.1391125691751995,7.0283290834846825,-7,6
645,IRQ,Iraq,1991,Saddam Hussein,54,personal,NA,0,0,3.32,0.46764515311153054,7.552833435288746,-9,13
645,IRQ,Iraq,2003,Paul Bremer,62,personal,NA,0,0,4.943,0.8651893859833367,7.941991522201675,-66,6
651,EGY,Egypt,1953,Naguib,52,dominant-party,NA,0,0,1.055,0.9272279838284408,7.72107862936724,-7,0
651,EGY,Egypt,1962,Nasser,44,dominant-party,NA,0,0,1.258,1.0912560721721027,7.9539132486572,-7,0
651,EGY,Egypt,1976,Sadat,58,dominant-party,NA,0,0,2.001,1.1477572559366753,8.280949709462682,-6,0
651,EGY,Egypt,1996,Mubarak,67,dominant-party,NA,0,0,4.631,1.1630418403737004,8.809357155171476,-6,1
651,EGY,Egypt,2011,Tantawi,80,dominant-party,NA,0,0,8.008,1.1454399816912688,9.111782664658056,-2,1
651,EGY,Egypt,2012,Morsi,61,presidential,NA,0,0,8.173,1.1112470767390004,9.1391338020659,-88,0
651,EGY,Egypt,2013,Mansour,68,presidential,NA,0,0,8.222,1.0713261928960467,9.15983897448182,-4,1
652,SYR,Syria,1947,Kuwatli,56,military,1947,1,1,2.702,1.0314551839975568,5.887120181661279,4,0
652,SYR,Syria,1952,Shishakli,43,military,NA,0,0,3.12,1.1184399197017494,5.967622572622411,-6,0
652,SYR,Syria,1954,"Atassi, H.",79,military,NA,0,0,3.518,1.174859738177932,6.017220009307692,4,0
652,SYR,Syria,1956,Kuwatli,65,presidential,NA,0,0,3.618,1.1013698630136985,6.066363277958191,7,0
652,SYR,Syria,1959,Nasser (president of UAR),41,military,NA,0,0,3.144,0.8932833276508695,6.131087349368821,-66,0
652,SYR,Syria,1962,El-Kudsi,56,military,NA,0,0,3.017,0.9574130489972074,6.217160837409775,-88,0
652,SYR,Syria,1964,Al-Hafiz,53,dominant-party,NA,0,0,3.117,1.0499898942262347,6.287637346104681,-8,0
652,SYR,Syria,1968,"El-Atassi, N.",39,dominant-party,NA,0,0,3.122,1.0323391310098537,6.419069418562018,-8,4
652,SYR,Syria,1985,Al-Assad H.,55,dominant-party,NA,0,0,3.803,0.8721676910375195,6.946390243695214,-9,0
652,SYR,Syria,2012,Bashar al-Assad,47,dominant-party,NA,0,0,4.943,0.8630443133009742,7.674643971700399,-9,6
652,SYR,Syria,2012,Bashar al-Assad,47,dominant-party,NA,0,0,4.943,0.8630443133009742,7.674643971700399,-9,6
678,YEM,Yemen,1965,AL-Sallal,48,military,NA,0,0,1.371,1.0275820716534252,6.478604875768948,0,0
678,YEM,Yemen,1971,Al-Iryani,54,personal,NA,0,0,1.851,1.2341645552740366,6.580712643598551,-3,0
678,YEM,Yemen,1976,Al-Hamadi,33,military,NA,0,0,2.65,1.2268518518518516,6.690981398175604,-4,0
680,YPR,Yemen,1968,Al-Shaabi,43,dominant-party,NA,0,0,1.654,NA,6.316879447514485,-5,0
680,YPR,Yemen,1973,Ali Rubayyi,39,dominant-party,NA,0,0,1.646,0.9942014979463638,6.3291324971503204,-6,0
680,YPR,Yemen,1979,Ismail,40,dominant-party,NA,0,0,1.668,1.0048192771084337,6.3263337137846145,-8,1
680,YPR,Yemen,1983,Ali Nassir Hassani,44,dominant-party,NA,0,0,1.727,1.0262657475635846,6.322523946435581,-8,0
680,YPR,Yemen,1988,Attas,49,dominant-party,NA,0,0,1.74,0.9953094611600504,6.328347413694884,-7,0
700,AFG,Afghanistan,1975,Sardar Mohammad Daud Khan,66,personal,NA,0,0,1.702,0.9469233337042394,7.260287855149863,-7,0
700,AFG,Afghanistan,1978,Taraki,61,personal,NA,0,0,1.692,0.9954112248499823,7.309629949175374,-77,7
700,AFG,Afghanistan,1979,Amin,50,dominant-party,NA,0,0,1.706,1.00530347672363,7.3107119101578055,-66,7
700,AFG,Afghanistan,1983,Karmal,54,dominant-party,NA,0,0,2.018,1.1301523297491038,7.20982164959045,-66,7
700,AFG,Afghanistan,1989,Najibullah,42,dominant-party,NA,0,0,1.588,0.8267388588088297,7.221295869458183,-8,7
700,AFG,Afghanistan,1994,Burhanuddin Rabbani,55,dominant-party,NA,0,0,0.85,0.6540473991997537,7.523913418013946,-77,7
700,AFG,Afghanistan,1999,Mullah Omar,40,dominant-party,NA,0,0,0.727,0.8979743083003953,7.717948779445601,-7,7
700,AFG,Afghanistan,2008,Hamid Karzai,51,presidential,NA,0,0,1.304,1.2096474953617813,7.983213229641963,-66,4
700,AFG,Afghanistan,2018,Ahmadzai,69,presidential,NA,0,0,1.75,0.9904912836767037,8.244979924361695,-1,4
701,TKM,Turkmenistan,1999,Niyazov,59,dominant-party,1999,1,1,5.623,1.0617046184056493,6.193717399390597,-9,0
701,TKM,Turkmenistan,2014,Berdymukhammedov,57,dominant-party,NA,0,0,19.831,1.273143987057343,6.347172023200585,-8,0
702,TAJ,Tajikistan,1992,Nabiyev,62,personal,NA,0,0,3.157,NA,6.378575578264152,-6,3
702,TAJ,Tajikistan,1999,Rakhmonov,47,personal,1999,1,1,1.467,0.8789694427801079,6.4584589657175515,-1,0
703,KYR,Kyrgyzstan,1998,Akayev,54,personal,1998,1,1,2.676,0.8808426596445029,6.207329674843494,-3,0
703,KYR,Kyrgyzstan,2007,Bakiyev,58,personal,NA,0,0,3.386,1.1220094108290808,6.296049827009435,3,0
703,KYR,Kyrgyzstan,2011,Otunbayeva,61,dominant-party,NA,0,0,3.973,1.1259423000623476,6.351307966123844,7,0
703,KYR,Kyrgyzstan,2014,Atambayev,58,dominant-party,NA,0,0,4.507,1.1385913500404203,6.398779609661407,7,0
704,UZB,Uzbekistan,1992,Karimov,54,dominant-party,1992,1,1,4.662,NA,7.726456114471654,-9,0
705,KZK,Kazakhstan,1998,Nazarbayev,58,personal,1998,1,1,7.193,0.9326055388445182,7.3799939087524375,-6,0
710,CHN,China,1948,Chiang Kai-shek,62,dominant-party,NA,0,0,0.969,0.9601664684898931,10.96519084064989,-5,6
710,CHN,China,1963,Mao Tse-Tung,70,dominant-party,NA,0,0,0.993,0.9570161912104856,11.19465221756353,-8,4
710,CHN,China,1978,Hua Guofeng,57,dominant-party,NA,0,0,1.62,1.112026359143328,11.534277322961122,-7,0
710,CHN,China,1988,Deng Xiaoping,84,dominant-party,NA,0,0,2.733,1.1608053007135577,11.679023605941707,-7,2
710,CHN,China,2000,Jiang Zemin,74,dominant-party,NA,0,0,4.736,1.166100359481952,11.804552169620495,-7,0
710,CHN,China,2008,Hu Jintao,66,dominant-party,NA,0,0,8.769,1.261436216122907,11.8574235864118,-7,0
710,CHN,China,2018,Xi Jinping,65,dominant-party,2018,1,1,14.948,1.1226773616931789,11.902357317964492,-7,0
712,MON,Mongolia,1968,Tsedenbal,52,dominant-party,NA,0,0,1.399,1.087700202145856,4.846986314567686,-7,0
712,MON,Mongolia,1987,Batmonh,61,dominant-party,NA,0,0,2.873,1.1284367635506678,5.366106847584394,-7,0
712,MON,Mongolia,1993,Ochirbat,51,dominant-party,NA,0,0,2.354,0.8322726629896763,5.480638923341991,9,0
712,MON,Mongolia,2001,Bagabandi,51,presidential,NA,0,0,3.071,1.1229340353956414,5.564336482363558,10,0
712,MON,Mongolia,2007,Enkhbayar,49,presidential,NA,0,0,5.207,1.3127111380023193,5.640366878358027,10,0
712,MON,Mongolia,2013,Elbegdorj,50,presidential,NA,0,0,8.169,1.2915006640106244,5.735610544820752,10,0
713,TAW,Taiwan,1949,Li Tsung-jen,59,NA,NA,0,0,1.771,0.9115709285567222,6.636626114760313,-8,0
713,TAW,Taiwan,1962,Chiang Kai-shek,76,NA,NA,0,0,2.673,1.1348390931476608,7.111238832828049,-8,0
713,TAW,Taiwan,1976,Yen Chia-Kan,71,NA,NA,0,0,7.714,1.2194119506797343,7.478403697304635,-7,0
713,TAW,Taiwan,1983,Chiang Ching-Kuo,73,NA,NA,0,0,11.905,1.1669051773146968,7.60730342955297,-7,0
713,TAW,Taiwan,1994,Lee Teng-Hui,71,NA,NA,0,0,25.126,1.194008572759155,7.727906407175063,7,0
713,TAW,Taiwan,2004,Chen Shui-bian,54,NA,NA,0,0,36.679,1.0919944029295305,7.791431905927341,10,0
713,TAW,Taiwan,2012,Ma Ying-jeou,62,NA,NA,0,0,44.013,1.0680796746231278,7.822258414056753,10,0
731,PRK,North Korea,1971,Kim Il-Sung,59,dominant-party,NA,0,0,1.632,1.2354277062831187,7.353630136649278,-9,0
731,PRK,North Korea,2003,Kim Jong-Il,61,dominant-party,NA,0,0,1.834,1.0241232968505696,7.818273783559873,-10,0
731,PRK,North Korea,2018,Kim Jong Un,35,dominant-party,NA,0,0,1.794,0.9915984965730711,7.905802940718748,-10,0
732,ROK,South Korea,1952,Rhee,77,personal,1952,1,1,1.246,NA,7.703200440423932,-4,6
732,ROK,South Korea,1960,Myun Chang,61,personal,NA,0,0,1.53,1.0208166533226581,7.8583597042565705,8,0
732,ROK,South Korea,1969,Hee Park,52,military,1969,1,1,2.496,1.263157894736842,8.10091109001148,3,0
732,ROK,South Korea,1980,Choi Kuy Hay,61,military,NA,0,0,5.866,1.1276865700334497,8.297759001905229,-8,1
732,ROK,South Korea,1984,Chun Doo Hwan,53,military,NA,0,0,7.657,1.2187629325438512,8.357274642701709,-5,0
732,ROK,South Korea,1990,Roh Tae Woo,58,presidential,NA,0,0,13.209,1.2930730675855588,8.424419352378555,6,0
732,ROK,South Korea,1995,Kim Young Sam,68,presidential,NA,0,0,19.237,1.2450488000621327,8.4862914117841175,6,0
732,ROK,South Korea,2000,Kim Dae Jung,75,presidential,NA,0,0,23.488,1.1334922641855436,8.522923939268077,8,0
732,ROK,South Korea,2005,Roh Moo Hyun,59,presidential,NA,0,0,29.278,1.1329443085781508,8.550721386736441,8,0
732,ROK,South Korea,2010,Lee Myung Bak,69,presidential,NA,0,0,33.464,1.074651406257025,8.574688592913912,8,0
732,ROK,South Korea,2015,Park Geun-hye,63,presidential,NA,0,0,37.321,1.073207343164094,8.601450880485,8,0
770,PAK,Pakistan,1983,Zia,59,military,NA,0,0,2.279,1.096938775510204,9.153944185214412,-7,1
770,PAK,Pakistan,2004,Musharraf,61,military,NA,0,0,3.344,1.0787096774193548,9.724445153423076,-5,5
771,BNG,Bangladesh,1971,Syed Nazrul Islam,46,dominant-party,NA,0,0,1.277,NA,8.888168988945395,NA,6
771,BNG,Bangladesh,1973,Sheikh Mujib Rahman,53,dominant-party,NA,0,0,1.109,NA,8.914065083374354,8,0
771,BNG,Bangladesh,1978,Ziaur Rahman,42,personal,NA,0,0,1.15,1.035849396505134,9.033423344368687,-4,2
771,BNG,Bangladesh,1981,Sattar,75,personal,NA,0,0,1.166,1.016742239274503,9.112616070523687,-4,2
771,BNG,Bangladesh,1986,Ershad,56,personal,NA,0,0,1.245,1.047098402018503,9.240672564394819,-5,2
771,BNG,Bangladesh,2008,Fakhruddin,68,military,NA,0,0,2.264,1.1689384551838082,9.648082332650914,-6,0
775,MYA,Myanmar,1959,Ne Win,48,military,NA,0,0,0.787,1.076312910284464,7.766109647433198,1,4
775,MYA,Myanmar,1975,Ne Win,64,military,NA,0,0,0.829,1.035214785214785,8.05898879660894,-9,4
775,MYA,Myanmar,1990,Saw Maung,62,military,NA,0,0,0.902,0.8925390856916684,8.340907223754426,-5,4
775,MYA,Myanmar,2001,Than Shwe,68,military,NA,0,0,1.579,1.242719974815048,8.490207531801886,-5,4
775,MYA,Myanmar,2013,Thein Sein,68,dominant-party,NA,0,0,4.524,1.219735777837692,8.611320490074245,-3,4
775,MYA,Myanmar,2017,Htin Kyaw,71,dominant-party,NA,0,0,5.39,1.1311172668513387,8.640444449058188,8,5
780,SRI,Sri Lanka,1983,Jayewardene,77,dominant-party,NA,0,0,2.988,1.0817464340018825,7.415621126929892,5,5
780,SRI,Sri Lanka,1991,Premadasa,67,dominant-party,NA,0,0,3.841,1.1025317182387049,7.523489416268378,5,5
780,SRI,Sri Lanka,1994,Wijetunge,72,dominant-party,NA,0,0,4.43,1.1482633488854328,7.557079612798587,5,5
780,SRI,Sri Lanka,2000,Kumaratunga,55,presidential,NA,0,0,5.545,1.094638344914719,7.59758295608174,5,5
780,SRI,Sri Lanka,2010,Rajapakse,65,presidential,2010,1,0,8.82,1.1993146773272416,7.677944052989342,3,0
780,SRI,Sri Lanka,2017,Maithripala Sirisena,66,presidential,NA,0,0,12.103,1.1062666812913604,7.7287211909448015,6,0
800,THI,Thailand,1947,Thawan Thamrongnawasawat,46,military,NA,0,0,1.218,0.9870340356564019,7.568480502381554,-3,0
800,THI,Thailand,1952,Plaek Pibulsongkram,55,military,NA,0,0,1.182,0.9783148485350107,7.698858227598716,-6,0
800,THI,Thailand,1958,Thanon Kittakachorn,47,military,NA,0,0,1.216,1.045392022008253,7.879840161178488,-7,0
800,THI,Thailand,1961,Sarit,53,military,NA,0,0,1.428,1.1497584541062802,7.985632405678734,-7,0
800,THI,Thailand,1968,Thanon Kittakachorn,57,military,NA,0,0,2.023,1.1722099895700546,8.198572621380865,-88,2
800,THI,Thailand,1977,Thanin Kraivichien,50,military,NA,0,0,3.209,1.159655969933507,8.452076796675206,-88,3
800,THI,Thailand,1979,Kriangsak,62,military,NA,0,0,3.546,1.1637676403019361,8.502138029053826,2,3
800,THI,Thailand,1984,Prem,64,military,NA,0,0,4.22,1.1155757639843502,8.587908285692453,2,1
800,THI,Thailand,2007,Chulanont,64,military,NA,0,0,12.229,1.1443731167299882,8.854342198976328,-1,1
811,CAM,Cambodia,1972,Lon Nol,59,personal,NA,0,0,1.13,1.0338517840805124,6.704290572793607,-5,5
811,CAM,Cambodia,1977,Pol Pot,52,dominant-party,NA,0,0,0.99,0.9455587392550144,6.63478971882984,-7,9
811,CAM,Cambodia,1982,Heng Samrin,48,dominant-party,NA,0,0,0.97,0.9853718000812678,6.5973380435515185,-66,6
811,CAM,Cambodia,1997,Hun Sen,45,dominant-party,1997,1,1,1.309,1.0161465610929978,7.086776395309412,-7,2
811,CAM,Cambodia,1995,Ranariddh,51,dominant-party,NA,0,0,1.28,1.0195953480962243,7.0327848836085325,1,2
811,CAM,Cambodia,2010,Hun Sen,58,dominant-party,NA,0,0,2.703,1.111339527999342,7.3249934781485315,2,0
812,LAO,Laos,1961,Boun Oum,49,personal,NA,0,0,0.783,1.026750590086546,5.486794936153328,-77,3
812,LAO,Laos,1963,Souvanna Phouma,62,dominant-party,NA,0,0,0.8,1.0309278350515465,5.529690957982263,-77,3
812,LAO,Laos,1970,Souvanna Phouma,69,dominant-party,NA,0,0,0.818,0.9919961193305845,5.668811385712148,-77,3
812,LAO,Laos,1984,Phomivan,64,dominant-party,NA,0,0,1.228,1.1461638977039386,5.932205398858047,-7,2
812,LAO,Laos,1995,Phounsavanh,81,dominant-party,NA,0,0,1.712,1.124097176625082,6.232066804409212,-7,0
812,LAO,Laos,2002,Siphandon,78,dominant-party,NA,0,0,2.342,1.1519921298573537,6.36984447438234,-7,0
812,LAO,Laos,2011,Sayasone,75,dominant-party,NA,0,0,4.08,1.224122412241224,6.519459923430609,-7,0
812,LAO,Laos,2018,Bounnhang Vorachit,81,dominant-party,NA,0,0,6.093,1.1517522966995577,6.624928069256538,-7,0
816,DRV,Vietnam,1957,Ho Chi Minh,67,dominant-party,NA,0,0,1.183,NA,8.040085346885252,-9,0
817,RVN,NA,1959,Ngo Dinh Diem,58,personal,NA,0,0,1.602,1.021292872625271,6.384642813512873,-3,7
817,RVN,NA,1964,Khanh,37,military,NA,0,0,1.608,1.0034947578632052,6.378417694651209,-3,7
817,RVN,NA,1970,Van Thieu,47,military,NA,0,0,1.649,1.01890756302521,6.385717028002043,-66,7
820,MAL,Malaysia,1958,Rahman,63,dominant-party,NA,0,0,2.544,0.9724027215044722,6.728857055889178,7,3
820,MAL,Malaysia,1965,Rahman,70,dominant-party,NA,0,0,3.197,1.1016540317022743,6.9248355766483085,7,1
820,MAL,Malaysia,1973,Razak,51,dominant-party,NA,0,0,4.741,1.233864251509473,7.127605412946256,4,0
820,MAL,Malaysia,1978,Hussein Bin Onn,56,dominant-party,NA,0,0,6.137,1.1727498566787693,7.244869452374988,4,0
820,MAL,Malaysia,1992,Mahatir Bin Mohammad,67,dominant-party,NA,0,0,10.675,1.2149734811408803,7.6019394217109255,4,0
820,MAL,Malaysia,2006,Ahmad Badawi,67,dominant-party,NA,0,0,17.526,1.1228281482240787,7.934831822942759,3,0
820,MAL,Malaysia,2013,Najib Tun Razak,60,dominant-party,NA,0,0,21.785,1.1066352396143413,8.053946840256154,6,0
830,SIN,Singapore,1975,Lee Kuan Yew,52,dominant-party,NA,0,0,9.186,1.2159800910727523,5.485497932546673,-4,0
830,SIN,Singapore,1997,Goh Chok Tong,56,dominant-party,NA,0,0,33.708,1.167821507760532,5.99761807525899,-4,0
830,SIN,Singapore,2014,Lee Hsien Loong,62,dominant-party,NA,0,0,63.633,1.0755357987965655,6.384536509786153,-2,0
840,PHI,Philippines,1947,Roxas,55,presidential,NA,0,0,1.446,0.884511866895033,7.625013927690974,2,0
840,PHI,Philippines,1951,Quirrino,61,presidential,NA,0,0,1.68,1.1103767349636484,7.705255267633146,5,3
840,PHI,Philippines,1955,Magsaysay,48,presidential,NA,0,0,1.994,1.1338564767428636,7.820087787415601,5,0
840,PHI,Philippines,1959,Garcia,63,presidential,NA,0,0,2.208,1.0839469808541975,7.934416754334985,5,0
840,PHI,Philippines,1963,Macapagal,53,presidential,NA,0,0,2.374,1.0636200716845878,8.054582963497406,5,0
840,PHI,Philippines,1972,Marcos,55,presidential,1972,1,1,2.833,1.0807202258335242,8.318953693751798,-9,6
840,PHI,Philippines,1989,Aquino,56,presidential,NA,0,0,3.542,1.0739191073919108,8.77976466518363,8,6
840,PHI,Philippines,1995,Ramos,67,presidential,NA,0,0,3.92,1.0747381696550966,8.92934549034025,8,6
840,PHI,Philippines,1999,Estrada,62,presidential,NA,0,0,4.006,1.0093222474174857,9.015795817777715,8,6
840,PHI,Philippines,2005,Gloria Macapagal-Arroyo,58,presidential,NA,0,0,4.392,1.0637988664438307,9.13499346342685,8,3
840,PHI,Philippines,2013,Benigno Aquino III,53,presidential,NA,0,0,5.884,1.1272030651340998,9.277861067009626,8,3
850,INS,Indonesia,1963,Sukarno,62,personal,1963,1,1,1.342,0.9274360746371804,9.233603475500283,-5,3
850,INS,Indonesia,1982,Suharto,61,dominant-party,NA,0,0,2.785,1.1250706956451484,9.695926523151124,-7,9
850,INS,Indonesia,1999,Habibie,63,dominant-party,NA,0,0,4.75,0.9448599618077658,9.998632218643817,6,4
850,INS,Indonesia,2000,Wahid,60,presidential,NA,0,0,4.744,0.9433286935772519,10.009745495385683,6,2
850,INS,Indonesia,2003,Megawati Sukarnoputri,56,presidential,NA,0,0,5.01,1.040195997010215,10.047787357135773,6,1
850,INS,Indonesia,2009,Bambang Yudhoyono,60,presidential,NA,0,0,7.042,1.204543122027984,10.135088003258018,8,0
860,ETM,East Timor,2004,Gusmao,58,presidential,NA,0,0,2.381,0.963655496195564,4.629121060143878,6,0
860,ETM,East Timor,2010,Ramos-Horta,61,presidential,NA,0,0,2.963,1.1792565470031044,4.757109851895961,7,0
860,ETM,East Timor,2014,Ruak,58,presidential,NA,0,0,3.31,1.0822652367250851,4.830399560459939,8,0
950,FJI,Fiji,1979,Mara,59,dominant-party,NA,0,0,5.478,1.0950743643051335,4.2042298257513435,6,0
950,FJI,Fiji,1990,Mara,70,military,NA,0,0,5.772,1.096754579311393,4.360739155530625,5,0
950,FJI,Fiji,1995,Rabuka,47,dominant-party,NA,0,0,6.315,1.061166190556209,4.41502611293699,5,0
950,FJI,Fiji,1999,Chaudhry,57,dominant-party,NA,0,0,6.642,1.0444710026418418,4.449229571850439,8,0
950,FJI,Fiji,2003,Laisenia Qarase,62,dominant-party,NA,0,0,6.93,1.0420739225887943,4.460803156456902,5,0
950,FJI,Fiji,2014,Bainimarama,60,military,NA,0,0,9.077,1.1494529429642386,4.53945764262271,2,0
